,module,rank,recordid,counter,value,filename,mountpt,fstype
0,POSIX,0,9776070601501419358,POSIX_OPENS,4096.0,/pscratch/sd/a/ayazdani/amrex-tutorials/ExampleCodes/MPMD/Case-1/plt_cpp_1/Level_0/Cell_D_00000,/pscratch,lustre
1,POSIX,0,9776070601501419358,POSIX_FILENOS,4096.0,/pscratch/sd/a/ayazdani/amrex-tutorials/ExampleCodes/MPMD/Case-1/plt_cpp_1/Level_0/Cell_D_00000,/pscratch,lustre
4,POSIX,0,9776070601501419358,POSIX_WRITES,4096.0,/pscratch/sd/a/ayazdani/amrex-tutorials/ExampleCodes/MPMD/Case-1/plt_cpp_1/Level_0/Cell_D_00000,/pscratch,lustre
7,POSIX,0,9776070601501419358,POSIX_MMAPS,-1.0,/pscratch/sd/a/ayazdani/amrex-tutorials/ExampleCodes/MPMD/Case-1/plt_cpp_1/Level_0/Cell_D_00000,/pscratch,lustre
15,POSIX,0,9776070601501419358,POSIX_BYTES_WRITTEN,8602677248.0,/pscratch/sd/a/ayazdani/amrex-tutorials/ExampleCodes/MPMD/Case-1/plt_cpp_1/Level_0/Cell_D_00000,/pscratch,lustre
17,POSIX,0,9776070601501419358,POSIX_MAX_BYTE_WRITTEN,8602677247.0,/pscratch/sd/a/ayazdani/amrex-tutorials/ExampleCodes/MPMD/Case-1/plt_cpp_1/Level_0/Cell_D_00000,/pscratch,lustre
19,POSIX,0,9776070601501419358,POSIX_CONSEC_WRITES,4095.0,/pscratch/sd/a/ayazdani/amrex-tutorials/ExampleCodes/MPMD/Case-1/plt_cpp_1/Level_0/Cell_D_00000,/pscratch,lustre
21,POSIX,0,9776070601501419358,POSIX_SEQ_WRITES,4095.0,/pscratch/sd/a/ayazdani/amrex-tutorials/ExampleCodes/MPMD/Case-1/plt_cpp_1/Level_0/Cell_D_00000,/pscratch,lustre
24,POSIX,0,9776070601501419358,POSIX_MEM_ALIGNMENT,8.0,/pscratch/sd/a/ayazdani/amrex-tutorials/ExampleCodes/MPMD/Case-1/plt_cpp_1/Level_0/Cell_D_00000,/pscratch,lustre
25,POSIX,0,9776070601501419358,POSIX_FILE_NOT_ALIGNED,4095.0,/pscratch/sd/a/ayazdani/amrex-tutorials/ExampleCodes/MPMD/Case-1/plt_cpp_1/Level_0/Cell_D_00000,/pscratch,lustre
26,POSIX,0,9776070601501419358,POSIX_FILE_ALIGNMENT,1048576.0,/pscratch/sd/a/ayazdani/amrex-tutorials/ExampleCodes/MPMD/Case-1/plt_cpp_1/Level_0/Cell_D_00000,/pscratch,lustre
28,POSIX,0,9776070601501419358,POSIX_MAX_WRITE_TIME_SIZE,2100274.0,/pscratch/sd/a/ayazdani/amrex-tutorials/ExampleCodes/MPMD/Case-1/plt_cpp_1/Level_0/Cell_D_00000,/pscratch,lustre
44,POSIX,0,9776070601501419358,POSIX_SIZE_WRITE_1M_4M,4096.0,/pscratch/sd/a/ayazdani/amrex-tutorials/ExampleCodes/MPMD/Case-1/plt_cpp_1/Level_0/Cell_D_00000,/pscratch,lustre
57,POSIX,0,9776070601501419358,POSIX_ACCESS1_ACCESS,2100291.0,/pscratch/sd/a/ayazdani/amrex-tutorials/ExampleCodes/MPMD/Case-1/plt_cpp_1/Level_0/Cell_D_00000,/pscratch,lustre
58,POSIX,0,9776070601501419358,POSIX_ACCESS2_ACCESS,2100274.0,/pscratch/sd/a/ayazdani/amrex-tutorials/ExampleCodes/MPMD/Case-1/plt_cpp_1/Level_0/Cell_D_00000,/pscratch,lustre
59,POSIX,0,9776070601501419358,POSIX_ACCESS3_ACCESS,2100227.0,/pscratch/sd/a/ayazdani/amrex-tutorials/ExampleCodes/MPMD/Case-1/plt_cpp_1/Level_0/Cell_D_00000,/pscratch,lustre
60,POSIX,0,9776070601501419358,POSIX_ACCESS4_ACCESS,2100210.0,/pscratch/sd/a/ayazdani/amrex-tutorials/ExampleCodes/MPMD/Case-1/plt_cpp_1/Level_0/Cell_D_00000,/pscratch,lustre
61,POSIX,0,9776070601501419358,POSIX_ACCESS1_COUNT,1381.0,/pscratch/sd/a/ayazdani/amrex-tutorials/ExampleCodes/MPMD/Case-1/plt_cpp_1/Level_0/Cell_D_00000,/pscratch,lustre
62,POSIX,0,9776070601501419358,POSIX_ACCESS2_COUNT,1381.0,/pscratch/sd/a/ayazdani/amrex-tutorials/ExampleCodes/MPMD/Case-1/plt_cpp_1/Level_0/Cell_D_00000,/pscratch,lustre
63,POSIX,0,9776070601501419358,POSIX_ACCESS3_COUNT,402.0,/pscratch/sd/a/ayazdani/amrex-tutorials/ExampleCodes/MPMD/Case-1/plt_cpp_1/Level_0/Cell_D_00000,/pscratch,lustre
64,POSIX,0,9776070601501419358,POSIX_ACCESS4_COUNT,402.0,/pscratch/sd/a/ayazdani/amrex-tutorials/ExampleCodes/MPMD/Case-1/plt_cpp_1/Level_0/Cell_D_00000,/pscratch,lustre
69,POSIX,0,9776070601501419358,POSIX_F_OPEN_START_TIMESTAMP,14.04385,/pscratch/sd/a/ayazdani/amrex-tutorials/ExampleCodes/MPMD/Case-1/plt_cpp_1/Level_0/Cell_D_00000,/pscratch,lustre
71,POSIX,0,9776070601501419358,POSIX_F_WRITE_START_TIMESTAMP,14.043876,/pscratch/sd/a/ayazdani/amrex-tutorials/ExampleCodes/MPMD/Case-1/plt_cpp_1/Level_0/Cell_D_00000,/pscratch,lustre
73,POSIX,0,9776070601501419358,POSIX_F_OPEN_END_TIMESTAMP,32.096591,/pscratch/sd/a/ayazdani/amrex-tutorials/ExampleCodes/MPMD/Case-1/plt_cpp_1/Level_0/Cell_D_00000,/pscratch,lustre
75,POSIX,0,9776070601501419358,POSIX_F_WRITE_END_TIMESTAMP,32.099085,/pscratch/sd/a/ayazdani/amrex-tutorials/ExampleCodes/MPMD/Case-1/plt_cpp_1/Level_0/Cell_D_00000,/pscratch,lustre
78,POSIX,0,9776070601501419358,POSIX_F_WRITE_TIME,10.855706,/pscratch/sd/a/ayazdani/amrex-tutorials/ExampleCodes/MPMD/Case-1/plt_cpp_1/Level_0/Cell_D_00000,/pscratch,lustre
79,POSIX,0,9776070601501419358,POSIX_F_META_TIME,0.000453,/pscratch/sd/a/ayazdani/amrex-tutorials/ExampleCodes/MPMD/Case-1/plt_cpp_1/Level_0/Cell_D_00000,/pscratch,lustre
81,POSIX,0,9776070601501419358,POSIX_F_MAX_WRITE_TIME,0.005699,/pscratch/sd/a/ayazdani/amrex-tutorials/ExampleCodes/MPMD/Case-1/plt_cpp_1/Level_0/Cell_D_00000,/pscratch,lustre
86,POSIX,0,13268337641086144525,POSIX_OPENS,24.0,/pscratch/sd/a/ayazdani/amrex-tutorials/ExampleCodes/MPMD/Case-1/plt_cpp_1/Level_0/Cell_H,/pscratch,lustre
87,POSIX,0,13268337641086144525,POSIX_FILENOS,24.0,/pscratch/sd/a/ayazdani/amrex-tutorials/ExampleCodes/MPMD/Case-1/plt_cpp_1/Level_0/Cell_H,/pscratch,lustre
90,POSIX,0,13268337641086144525,POSIX_WRITES,22.0,/pscratch/sd/a/ayazdani/amrex-tutorials/ExampleCodes/MPMD/Case-1/plt_cpp_1/Level_0/Cell_H,/pscratch,lustre
91,POSIX,0,13268337641086144525,POSIX_SEEKS,2.0,/pscratch/sd/a/ayazdani/amrex-tutorials/ExampleCodes/MPMD/Case-1/plt_cpp_1/Level_0/Cell_H,/pscratch,lustre
93,POSIX,0,13268337641086144525,POSIX_MMAPS,-1.0,/pscratch/sd/a/ayazdani/amrex-tutorials/ExampleCodes/MPMD/Case-1/plt_cpp_1/Level_0/Cell_H,/pscratch,lustre
101,POSIX,0,13268337641086144525,POSIX_BYTES_WRITTEN,45345760.0,/pscratch/sd/a/ayazdani/amrex-tutorials/ExampleCodes/MPMD/Case-1/plt_cpp_1/Level_0/Cell_H,/pscratch,lustre
103,POSIX,0,13268337641086144525,POSIX_MAX_BYTE_WRITTEN,45345759.0,/pscratch/sd/a/ayazdani/amrex-tutorials/ExampleCodes/MPMD/Case-1/plt_cpp_1/Level_0/Cell_H,/pscratch,lustre
105,POSIX,0,13268337641086144525,POSIX_CONSEC_WRITES,21.0,/pscratch/sd/a/ayazdani/amrex-tutorials/ExampleCodes/MPMD/Case-1/plt_cpp_1/Level_0/Cell_H,/pscratch,lustre
107,POSIX,0,13268337641086144525,POSIX_SEQ_WRITES,21.0,/pscratch/sd/a/ayazdani/amrex-tutorials/ExampleCodes/MPMD/Case-1/plt_cpp_1/Level_0/Cell_H,/pscratch,lustre
109,POSIX,0,13268337641086144525,POSIX_MEM_NOT_ALIGNED,6.0,/pscratch/sd/a/ayazdani/amrex-tutorials/ExampleCodes/MPMD/Case-1/plt_cpp_1/Level_0/Cell_H,/pscratch,lustre
110,POSIX,0,13268337641086144525,POSIX_MEM_ALIGNMENT,8.0,/pscratch/sd/a/ayazdani/amrex-tutorials/ExampleCodes/MPMD/Case-1/plt_cpp_1/Level_0/Cell_H,/pscratch,lustre
111,POSIX,0,13268337641086144525,POSIX_FILE_NOT_ALIGNED,21.0,/pscratch/sd/a/ayazdani/amrex-tutorials/ExampleCodes/MPMD/Case-1/plt_cpp_1/Level_0/Cell_H,/pscratch,lustre
112,POSIX,0,13268337641086144525,POSIX_FILE_ALIGNMENT,1048576.0,/pscratch/sd/a/ayazdani/amrex-tutorials/ExampleCodes/MPMD/Case-1/plt_cpp_1/Level_0/Cell_H,/pscratch,lustre
114,POSIX,0,13268337641086144525,POSIX_MAX_WRITE_TIME_SIZE,2097151.0,/pscratch/sd/a/ayazdani/amrex-tutorials/ExampleCodes/MPMD/Case-1/plt_cpp_1/Level_0/Cell_H,/pscratch,lustre
130,POSIX,0,13268337641086144525,POSIX_SIZE_WRITE_1M_4M,22.0,/pscratch/sd/a/ayazdani/amrex-tutorials/ExampleCodes/MPMD/Case-1/plt_cpp_1/Level_0/Cell_H,/pscratch,lustre
143,POSIX,0,13268337641086144525,POSIX_ACCESS1_ACCESS,2097154.0,/pscratch/sd/a/ayazdani/amrex-tutorials/ExampleCodes/MPMD/Case-1/plt_cpp_1/Level_0/Cell_H,/pscratch,lustre
144,POSIX,0,13268337641086144525,POSIX_ACCESS2_ACCESS,2097152.0,/pscratch/sd/a/ayazdani/amrex-tutorials/ExampleCodes/MPMD/Case-1/plt_cpp_1/Level_0/Cell_H,/pscratch,lustre
145,POSIX,0,13268337641086144525,POSIX_ACCESS3_ACCESS,2097171.0,/pscratch/sd/a/ayazdani/amrex-tutorials/ExampleCodes/MPMD/Case-1/plt_cpp_1/Level_0/Cell_H,/pscratch,lustre
146,POSIX,0,13268337641086144525,POSIX_ACCESS4_ACCESS,2097170.0,/pscratch/sd/a/ayazdani/amrex-tutorials/ExampleCodes/MPMD/Case-1/plt_cpp_1/Level_0/Cell_H,/pscratch,lustre
147,POSIX,0,13268337641086144525,POSIX_ACCESS1_COUNT,3.0,/pscratch/sd/a/ayazdani/amrex-tutorials/ExampleCodes/MPMD/Case-1/plt_cpp_1/Level_0/Cell_H,/pscratch,lustre
148,POSIX,0,13268337641086144525,POSIX_ACCESS2_COUNT,3.0,/pscratch/sd/a/ayazdani/amrex-tutorials/ExampleCodes/MPMD/Case-1/plt_cpp_1/Level_0/Cell_H,/pscratch,lustre
149,POSIX,0,13268337641086144525,POSIX_ACCESS3_COUNT,2.0,/pscratch/sd/a/ayazdani/amrex-tutorials/ExampleCodes/MPMD/Case-1/plt_cpp_1/Level_0/Cell_H,/pscratch,lustre
150,POSIX,0,13268337641086144525,POSIX_ACCESS4_COUNT,2.0,/pscratch/sd/a/ayazdani/amrex-tutorials/ExampleCodes/MPMD/Case-1/plt_cpp_1/Level_0/Cell_H,/pscratch,lustre
155,POSIX,0,13268337641086144525,POSIX_F_OPEN_START_TIMESTAMP,173.073217,/pscratch/sd/a/ayazdani/amrex-tutorials/ExampleCodes/MPMD/Case-1/plt_cpp_1/Level_0/Cell_H,/pscratch,lustre
157,POSIX,0,13268337641086144525,POSIX_F_WRITE_START_TIMESTAMP,173.073228,/pscratch/sd/a/ayazdani/amrex-tutorials/ExampleCodes/MPMD/Case-1/plt_cpp_1/Level_0/Cell_H,/pscratch,lustre
159,POSIX,0,13268337641086144525,POSIX_F_OPEN_END_TIMESTAMP,174.494236,/pscratch/sd/a/ayazdani/amrex-tutorials/ExampleCodes/MPMD/Case-1/plt_cpp_1/Level_0/Cell_H,/pscratch,lustre
161,POSIX,0,13268337641086144525,POSIX_F_WRITE_END_TIMESTAMP,174.494188,/pscratch/sd/a/ayazdani/amrex-tutorials/ExampleCodes/MPMD/Case-1/plt_cpp_1/Level_0/Cell_H,/pscratch,lustre
164,POSIX,0,13268337641086144525,POSIX_F_WRITE_TIME,0.046528,/pscratch/sd/a/ayazdani/amrex-tutorials/ExampleCodes/MPMD/Case-1/plt_cpp_1/Level_0/Cell_H,/pscratch,lustre
165,POSIX,0,13268337641086144525,POSIX_F_META_TIME,5.2e-05,/pscratch/sd/a/ayazdani/amrex-tutorials/ExampleCodes/MPMD/Case-1/plt_cpp_1/Level_0/Cell_H,/pscratch,lustre
167,POSIX,0,13268337641086144525,POSIX_F_MAX_WRITE_TIME,0.002772,/pscratch/sd/a/ayazdani/amrex-tutorials/ExampleCodes/MPMD/Case-1/plt_cpp_1/Level_0/Cell_H,/pscratch,lustre
172,POSIX,1,8576505722018891917,POSIX_OPENS,7.0,/pscratch/sd/a/ayazdani/amrex-tutorials/ExampleCodes/MPMD/Case-1/plt_cpp_1/Header,/pscratch,lustre
173,POSIX,1,8576505722018891917,POSIX_FILENOS,7.0,/pscratch/sd/a/ayazdani/amrex-tutorials/ExampleCodes/MPMD/Case-1/plt_cpp_1/Header,/pscratch,lustre
176,POSIX,1,8576505722018891917,POSIX_WRITES,8.0,/pscratch/sd/a/ayazdani/amrex-tutorials/ExampleCodes/MPMD/Case-1/plt_cpp_1/Header,/pscratch,lustre
179,POSIX,1,8576505722018891917,POSIX_MMAPS,-1.0,/pscratch/sd/a/ayazdani/amrex-tutorials/ExampleCodes/MPMD/Case-1/plt_cpp_1/Header,/pscratch,lustre
187,POSIX,1,8576505722018891917,POSIX_BYTES_WRITTEN,14683281.0,/pscratch/sd/a/ayazdani/amrex-tutorials/ExampleCodes/MPMD/Case-1/plt_cpp_1/Header,/pscratch,lustre
189,POSIX,1,8576505722018891917,POSIX_MAX_BYTE_WRITTEN,14683280.0,/pscratch/sd/a/ayazdani/amrex-tutorials/ExampleCodes/MPMD/Case-1/plt_cpp_1/Header,/pscratch,lustre
191,POSIX,1,8576505722018891917,POSIX_CONSEC_WRITES,7.0,/pscratch/sd/a/ayazdani/amrex-tutorials/ExampleCodes/MPMD/Case-1/plt_cpp_1/Header,/pscratch,lustre
193,POSIX,1,8576505722018891917,POSIX_SEQ_WRITES,7.0,/pscratch/sd/a/ayazdani/amrex-tutorials/ExampleCodes/MPMD/Case-1/plt_cpp_1/Header,/pscratch,lustre
196,POSIX,1,8576505722018891917,POSIX_MEM_ALIGNMENT,8.0,/pscratch/sd/a/ayazdani/amrex-tutorials/ExampleCodes/MPMD/Case-1/plt_cpp_1/Header,/pscratch,lustre
197,POSIX,1,8576505722018891917,POSIX_FILE_NOT_ALIGNED,7.0,/pscratch/sd/a/ayazdani/amrex-tutorials/ExampleCodes/MPMD/Case-1/plt_cpp_1/Header,/pscratch,lustre
198,POSIX,1,8576505722018891917,POSIX_FILE_ALIGNMENT,1048576.0,/pscratch/sd/a/ayazdani/amrex-tutorials/ExampleCodes/MPMD/Case-1/plt_cpp_1/Header,/pscratch,lustre
200,POSIX,1,8576505722018891917,POSIX_MAX_WRITE_TIME_SIZE,2097159.0,/pscratch/sd/a/ayazdani/amrex-tutorials/ExampleCodes/MPMD/Case-1/plt_cpp_1/Header,/pscratch,lustre
212,POSIX,1,8576505722018891917,POSIX_SIZE_WRITE_100_1K,1.0,/pscratch/sd/a/ayazdani/amrex-tutorials/ExampleCodes/MPMD/Case-1/plt_cpp_1/Header,/pscratch,lustre
216,POSIX,1,8576505722018891917,POSIX_SIZE_WRITE_1M_4M,7.0,/pscratch/sd/a/ayazdani/amrex-tutorials/ExampleCodes/MPMD/Case-1/plt_cpp_1/Header,/pscratch,lustre
229,POSIX,1,8576505722018891917,POSIX_ACCESS1_ACCESS,2097156.0,/pscratch/sd/a/ayazdani/amrex-tutorials/ExampleCodes/MPMD/Case-1/plt_cpp_1/Header,/pscratch,lustre
230,POSIX,1,8576505722018891917,POSIX_ACCESS2_ACCESS,2100210.0,/pscratch/sd/a/ayazdani/amrex-tutorials/ExampleCodes/MPMD/Case-1/plt_cpp_1/Header,/pscratch,lustre
231,POSIX,1,8576505722018891917,POSIX_ACCESS3_ACCESS,2097159.0,/pscratch/sd/a/ayazdani/amrex-tutorials/ExampleCodes/MPMD/Case-1/plt_cpp_1/Header,/pscratch,lustre
232,POSIX,1,8576505722018891917,POSIX_ACCESS4_ACCESS,2097155.0,/pscratch/sd/a/ayazdani/amrex-tutorials/ExampleCodes/MPMD/Case-1/plt_cpp_1/Header,/pscratch,lustre
233,POSIX,1,8576505722018891917,POSIX_ACCESS1_COUNT,2.0,/pscratch/sd/a/ayazdani/amrex-tutorials/ExampleCodes/MPMD/Case-1/plt_cpp_1/Header,/pscratch,lustre
234,POSIX,1,8576505722018891917,POSIX_ACCESS2_COUNT,1.0,/pscratch/sd/a/ayazdani/amrex-tutorials/ExampleCodes/MPMD/Case-1/plt_cpp_1/Header,/pscratch,lustre
235,POSIX,1,8576505722018891917,POSIX_ACCESS3_COUNT,1.0,/pscratch/sd/a/ayazdani/amrex-tutorials/ExampleCodes/MPMD/Case-1/plt_cpp_1/Header,/pscratch,lustre
236,POSIX,1,8576505722018891917,POSIX_ACCESS4_COUNT,1.0,/pscratch/sd/a/ayazdani/amrex-tutorials/ExampleCodes/MPMD/Case-1/plt_cpp_1/Header,/pscratch,lustre
241,POSIX,1,8576505722018891917,POSIX_F_OPEN_START_TIMESTAMP,13.662871,/pscratch/sd/a/ayazdani/amrex-tutorials/ExampleCodes/MPMD/Case-1/plt_cpp_1/Header,/pscratch,lustre
243,POSIX,1,8576505722018891917,POSIX_F_WRITE_START_TIMESTAMP,13.662899,/pscratch/sd/a/ayazdani/amrex-tutorials/ExampleCodes/MPMD/Case-1/plt_cpp_1/Header,/pscratch,lustre
245,POSIX,1,8576505722018891917,POSIX_F_OPEN_END_TIMESTAMP,14.757929,/pscratch/sd/a/ayazdani/amrex-tutorials/ExampleCodes/MPMD/Case-1/plt_cpp_1/Header,/pscratch,lustre
247,POSIX,1,8576505722018891917,POSIX_F_WRITE_END_TIMESTAMP,15.394301,/pscratch/sd/a/ayazdani/amrex-tutorials/ExampleCodes/MPMD/Case-1/plt_cpp_1/Header,/pscratch,lustre
250,POSIX,1,8576505722018891917,POSIX_F_WRITE_TIME,0.019929,/pscratch/sd/a/ayazdani/amrex-tutorials/ExampleCodes/MPMD/Case-1/plt_cpp_1/Header,/pscratch,lustre
251,POSIX,1,8576505722018891917,POSIX_F_META_TIME,2e-06,/pscratch/sd/a/ayazdani/amrex-tutorials/ExampleCodes/MPMD/Case-1/plt_cpp_1/Header,/pscratch,lustre
253,POSIX,1,8576505722018891917,POSIX_F_MAX_WRITE_TIME,0.00339,/pscratch/sd/a/ayazdani/amrex-tutorials/ExampleCodes/MPMD/Case-1/plt_cpp_1/Header,/pscratch,lustre
258,POSIX,1,6294410177327220565,POSIX_OPENS,4096.0,/pscratch/sd/a/ayazdani/amrex-tutorials/ExampleCodes/MPMD/Case-1/plt_cpp_1/Level_0/Cell_D_00001,/pscratch,lustre
259,POSIX,1,6294410177327220565,POSIX_FILENOS,4096.0,/pscratch/sd/a/ayazdani/amrex-tutorials/ExampleCodes/MPMD/Case-1/plt_cpp_1/Level_0/Cell_D_00001,/pscratch,lustre
262,POSIX,1,6294410177327220565,POSIX_WRITES,4095.0,/pscratch/sd/a/ayazdani/amrex-tutorials/ExampleCodes/MPMD/Case-1/plt_cpp_1/Level_0/Cell_D_00001,/pscratch,lustre
265,POSIX,1,6294410177327220565,POSIX_MMAPS,-1.0,/pscratch/sd/a/ayazdani/amrex-tutorials/ExampleCodes/MPMD/Case-1/plt_cpp_1/Level_0/Cell_D_00001,/pscratch,lustre
273,POSIX,1,6294410177327220565,POSIX_BYTES_WRITTEN,8600646670.0,/pscratch/sd/a/ayazdani/amrex-tutorials/ExampleCodes/MPMD/Case-1/plt_cpp_1/Level_0/Cell_D_00001,/pscratch,lustre
275,POSIX,1,6294410177327220565,POSIX_MAX_BYTE_WRITTEN,8600646669.0,/pscratch/sd/a/ayazdani/amrex-tutorials/ExampleCodes/MPMD/Case-1/plt_cpp_1/Level_0/Cell_D_00001,/pscratch,lustre
277,POSIX,1,6294410177327220565,POSIX_CONSEC_WRITES,4094.0,/pscratch/sd/a/ayazdani/amrex-tutorials/ExampleCodes/MPMD/Case-1/plt_cpp_1/Level_0/Cell_D_00001,/pscratch,lustre
279,POSIX,1,6294410177327220565,POSIX_SEQ_WRITES,4094.0,/pscratch/sd/a/ayazdani/amrex-tutorials/ExampleCodes/MPMD/Case-1/plt_cpp_1/Level_0/Cell_D_00001,/pscratch,lustre
282,POSIX,1,6294410177327220565,POSIX_MEM_ALIGNMENT,8.0,/pscratch/sd/a/ayazdani/amrex-tutorials/ExampleCodes/MPMD/Case-1/plt_cpp_1/Level_0/Cell_D_00001,/pscratch,lustre
283,POSIX,1,6294410177327220565,POSIX_FILE_NOT_ALIGNED,4094.0,/pscratch/sd/a/ayazdani/amrex-tutorials/ExampleCodes/MPMD/Case-1/plt_cpp_1/Level_0/Cell_D_00001,/pscratch,lustre
284,POSIX,1,6294410177327220565,POSIX_FILE_ALIGNMENT,1048576.0,/pscratch/sd/a/ayazdani/amrex-tutorials/ExampleCodes/MPMD/Case-1/plt_cpp_1/Level_0/Cell_D_00001,/pscratch,lustre
286,POSIX,1,6294410177327220565,POSIX_MAX_WRITE_TIME_SIZE,2100291.0,/pscratch/sd/a/ayazdani/amrex-tutorials/ExampleCodes/MPMD/Case-1/plt_cpp_1/Level_0/Cell_D_00001,/pscratch,lustre
302,POSIX,1,6294410177327220565,POSIX_SIZE_WRITE_1M_4M,4095.0,/pscratch/sd/a/ayazdani/amrex-tutorials/ExampleCodes/MPMD/Case-1/plt_cpp_1/Level_0/Cell_D_00001,/pscratch,lustre
315,POSIX,1,6294410177327220565,POSIX_ACCESS1_ACCESS,2100291.0,/pscratch/sd/a/ayazdani/amrex-tutorials/ExampleCodes/MPMD/Case-1/plt_cpp_1/Level_0/Cell_D_00001,/pscratch,lustre
316,POSIX,1,6294410177327220565,POSIX_ACCESS2_ACCESS,2100274.0,/pscratch/sd/a/ayazdani/amrex-tutorials/ExampleCodes/MPMD/Case-1/plt_cpp_1/Level_0/Cell_D_00001,/pscratch,lustre
317,POSIX,1,6294410177327220565,POSIX_ACCESS3_ACCESS,2100227.0,/pscratch/sd/a/ayazdani/amrex-tutorials/ExampleCodes/MPMD/Case-1/plt_cpp_1/Level_0/Cell_D_00001,/pscratch,lustre
318,POSIX,1,6294410177327220565,POSIX_ACCESS4_ACCESS,2100210.0,/pscratch/sd/a/ayazdani/amrex-tutorials/ExampleCodes/MPMD/Case-1/plt_cpp_1/Level_0/Cell_D_00001,/pscratch,lustre
319,POSIX,1,6294410177327220565,POSIX_ACCESS1_COUNT,1656.0,/pscratch/sd/a/ayazdani/amrex-tutorials/ExampleCodes/MPMD/Case-1/plt_cpp_1/Level_0/Cell_D_00001,/pscratch,lustre
320,POSIX,1,6294410177327220565,POSIX_ACCESS2_COUNT,1656.0,/pscratch/sd/a/ayazdani/amrex-tutorials/ExampleCodes/MPMD/Case-1/plt_cpp_1/Level_0/Cell_D_00001,/pscratch,lustre
321,POSIX,1,6294410177327220565,POSIX_ACCESS3_COUNT,151.0,/pscratch/sd/a/ayazdani/amrex-tutorials/ExampleCodes/MPMD/Case-1/plt_cpp_1/Level_0/Cell_D_00001,/pscratch,lustre
322,POSIX,1,6294410177327220565,POSIX_ACCESS4_COUNT,150.0,/pscratch/sd/a/ayazdani/amrex-tutorials/ExampleCodes/MPMD/Case-1/plt_cpp_1/Level_0/Cell_D_00001,/pscratch,lustre
327,POSIX,1,6294410177327220565,POSIX_F_OPEN_START_TIMESTAMP,15.380858,/pscratch/sd/a/ayazdani/amrex-tutorials/ExampleCodes/MPMD/Case-1/plt_cpp_1/Level_0/Cell_D_00001,/pscratch,lustre
329,POSIX,1,6294410177327220565,POSIX_F_WRITE_START_TIMESTAMP,15.380867,/pscratch/sd/a/ayazdani/amrex-tutorials/ExampleCodes/MPMD/Case-1/plt_cpp_1/Level_0/Cell_D_00001,/pscratch,lustre
331,POSIX,1,6294410177327220565,POSIX_F_OPEN_END_TIMESTAMP,33.243267,/pscratch/sd/a/ayazdani/amrex-tutorials/ExampleCodes/MPMD/Case-1/plt_cpp_1/Level_0/Cell_D_00001,/pscratch,lustre
333,POSIX,1,6294410177327220565,POSIX_F_WRITE_END_TIMESTAMP,33.245793,/pscratch/sd/a/ayazdani/amrex-tutorials/ExampleCodes/MPMD/Case-1/plt_cpp_1/Level_0/Cell_D_00001,/pscratch,lustre
336,POSIX,1,6294410177327220565,POSIX_F_WRITE_TIME,10.908912,/pscratch/sd/a/ayazdani/amrex-tutorials/ExampleCodes/MPMD/Case-1/plt_cpp_1/Level_0/Cell_D_00001,/pscratch,lustre
337,POSIX,1,6294410177327220565,POSIX_F_META_TIME,0.000486,/pscratch/sd/a/ayazdani/amrex-tutorials/ExampleCodes/MPMD/Case-1/plt_cpp_1/Level_0/Cell_D_00001,/pscratch,lustre
339,POSIX,1,6294410177327220565,POSIX_F_MAX_WRITE_TIME,0.006071,/pscratch/sd/a/ayazdani/amrex-tutorials/ExampleCodes/MPMD/Case-1/plt_cpp_1/Level_0/Cell_D_00001,/pscratch,lustre
344,POSIX,2,1101202836259582757,POSIX_OPENS,519.0,/pscratch/sd/a/ayazdani/amrex-tutorials/ExampleCodes/MPMD/Case-1/plt_cpp_2/Level_0/Cell_D_00000,/pscratch,lustre
345,POSIX,2,1101202836259582757,POSIX_FILENOS,519.0,/pscratch/sd/a/ayazdani/amrex-tutorials/ExampleCodes/MPMD/Case-1/plt_cpp_2/Level_0/Cell_D_00000,/pscratch,lustre
348,POSIX,2,1101202836259582757,POSIX_WRITES,519.0,/pscratch/sd/a/ayazdani/amrex-tutorials/ExampleCodes/MPMD/Case-1/plt_cpp_2/Level_0/Cell_D_00000,/pscratch,lustre
351,POSIX,2,1101202836259582757,POSIX_MMAPS,-1.0,/pscratch/sd/a/ayazdani/amrex-tutorials/ExampleCodes/MPMD/Case-1/plt_cpp_2/Level_0/Cell_D_00000,/pscratch,lustre
359,POSIX,2,1101202836259582757,POSIX_BYTES_WRITTEN,1086611456.0,/pscratch/sd/a/ayazdani/amrex-tutorials/ExampleCodes/MPMD/Case-1/plt_cpp_2/Level_0/Cell_D_00000,/pscratch,lustre
361,POSIX,2,1101202836259582757,POSIX_MAX_BYTE_WRITTEN,1086611455.0,/pscratch/sd/a/ayazdani/amrex-tutorials/ExampleCodes/MPMD/Case-1/plt_cpp_2/Level_0/Cell_D_00000,/pscratch,lustre
363,POSIX,2,1101202836259582757,POSIX_CONSEC_WRITES,518.0,/pscratch/sd/a/ayazdani/amrex-tutorials/ExampleCodes/MPMD/Case-1/plt_cpp_2/Level_0/Cell_D_00000,/pscratch,lustre
365,POSIX,2,1101202836259582757,POSIX_SEQ_WRITES,518.0,/pscratch/sd/a/ayazdani/amrex-tutorials/ExampleCodes/MPMD/Case-1/plt_cpp_2/Level_0/Cell_D_00000,/pscratch,lustre
368,POSIX,2,1101202836259582757,POSIX_MEM_ALIGNMENT,8.0,/pscratch/sd/a/ayazdani/amrex-tutorials/ExampleCodes/MPMD/Case-1/plt_cpp_2/Level_0/Cell_D_00000,/pscratch,lustre
369,POSIX,2,1101202836259582757,POSIX_FILE_NOT_ALIGNED,518.0,/pscratch/sd/a/ayazdani/amrex-tutorials/ExampleCodes/MPMD/Case-1/plt_cpp_2/Level_0/Cell_D_00000,/pscratch,lustre
370,POSIX,2,1101202836259582757,POSIX_FILE_ALIGNMENT,1048576.0,/pscratch/sd/a/ayazdani/amrex-tutorials/ExampleCodes/MPMD/Case-1/plt_cpp_2/Level_0/Cell_D_00000,/pscratch,lustre
372,POSIX,2,1101202836259582757,POSIX_MAX_WRITE_TIME_SIZE,2097394.0,/pscratch/sd/a/ayazdani/amrex-tutorials/ExampleCodes/MPMD/Case-1/plt_cpp_2/Level_0/Cell_D_00000,/pscratch,lustre
387,POSIX,2,1101202836259582757,POSIX_SIZE_WRITE_100K_1M,1.0,/pscratch/sd/a/ayazdani/amrex-tutorials/ExampleCodes/MPMD/Case-1/plt_cpp_2/Level_0/Cell_D_00000,/pscratch,lustre
388,POSIX,2,1101202836259582757,POSIX_SIZE_WRITE_1M_4M,518.0,/pscratch/sd/a/ayazdani/amrex-tutorials/ExampleCodes/MPMD/Case-1/plt_cpp_2/Level_0/Cell_D_00000,/pscratch,lustre
401,POSIX,2,1101202836259582757,POSIX_ACCESS1_ACCESS,2097394.0,/pscratch/sd/a/ayazdani/amrex-tutorials/ExampleCodes/MPMD/Case-1/plt_cpp_2/Level_0/Cell_D_00000,/pscratch,lustre
402,POSIX,2,1101202836259582757,POSIX_ACCESS2_ACCESS,2097392.0,/pscratch/sd/a/ayazdani/amrex-tutorials/ExampleCodes/MPMD/Case-1/plt_cpp_2/Level_0/Cell_D_00000,/pscratch,lustre
403,POSIX,2,1101202836259582757,POSIX_ACCESS3_ACCESS,2097390.0,/pscratch/sd/a/ayazdani/amrex-tutorials/ExampleCodes/MPMD/Case-1/plt_cpp_2/Level_0/Cell_D_00000,/pscratch,lustre
404,POSIX,2,1101202836259582757,POSIX_ACCESS4_ACCESS,2097778.0,/pscratch/sd/a/ayazdani/amrex-tutorials/ExampleCodes/MPMD/Case-1/plt_cpp_2/Level_0/Cell_D_00000,/pscratch,lustre
405,POSIX,2,1101202836259582757,POSIX_ACCESS1_COUNT,425.0,/pscratch/sd/a/ayazdani/amrex-tutorials/ExampleCodes/MPMD/Case-1/plt_cpp_2/Level_0/Cell_D_00000,/pscratch,lustre
406,POSIX,2,1101202836259582757,POSIX_ACCESS2_COUNT,16.0,/pscratch/sd/a/ayazdani/amrex-tutorials/ExampleCodes/MPMD/Case-1/plt_cpp_2/Level_0/Cell_D_00000,/pscratch,lustre
407,POSIX,2,1101202836259582757,POSIX_ACCESS3_COUNT,15.0,/pscratch/sd/a/ayazdani/amrex-tutorials/ExampleCodes/MPMD/Case-1/plt_cpp_2/Level_0/Cell_D_00000,/pscratch,lustre
408,POSIX,2,1101202836259582757,POSIX_ACCESS4_COUNT,7.0,/pscratch/sd/a/ayazdani/amrex-tutorials/ExampleCodes/MPMD/Case-1/plt_cpp_2/Level_0/Cell_D_00000,/pscratch,lustre
413,POSIX,2,1101202836259582757,POSIX_F_OPEN_START_TIMESTAMP,13.379247,/pscratch/sd/a/ayazdani/amrex-tutorials/ExampleCodes/MPMD/Case-1/plt_cpp_2/Level_0/Cell_D_00000,/pscratch,lustre
415,POSIX,2,1101202836259582757,POSIX_F_WRITE_START_TIMESTAMP,13.379276,/pscratch/sd/a/ayazdani/amrex-tutorials/ExampleCodes/MPMD/Case-1/plt_cpp_2/Level_0/Cell_D_00000,/pscratch,lustre
417,POSIX,2,1101202836259582757,POSIX_F_OPEN_END_TIMESTAMP,20.853851,/pscratch/sd/a/ayazdani/amrex-tutorials/ExampleCodes/MPMD/Case-1/plt_cpp_2/Level_0/Cell_D_00000,/pscratch,lustre
419,POSIX,2,1101202836259582757,POSIX_F_WRITE_END_TIMESTAMP,20.854184,/pscratch/sd/a/ayazdani/amrex-tutorials/ExampleCodes/MPMD/Case-1/plt_cpp_2/Level_0/Cell_D_00000,/pscratch,lustre
422,POSIX,2,1101202836259582757,POSIX_F_WRITE_TIME,1.366549,/pscratch/sd/a/ayazdani/amrex-tutorials/ExampleCodes/MPMD/Case-1/plt_cpp_2/Level_0/Cell_D_00000,/pscratch,lustre
423,POSIX,2,1101202836259582757,POSIX_F_META_TIME,0.0001,/pscratch/sd/a/ayazdani/amrex-tutorials/ExampleCodes/MPMD/Case-1/plt_cpp_2/Level_0/Cell_D_00000,/pscratch,lustre
425,POSIX,2,1101202836259582757,POSIX_F_MAX_WRITE_TIME,0.004194,/pscratch/sd/a/ayazdani/amrex-tutorials/ExampleCodes/MPMD/Case-1/plt_cpp_2/Level_0/Cell_D_00000,/pscratch,lustre
430,POSIX,2,17738875944199288423,POSIX_OPENS,24.0,/pscratch/sd/a/ayazdani/amrex-tutorials/ExampleCodes/MPMD/Case-1/plt_cpp_2/Level_0/Cell_H,/pscratch,lustre
431,POSIX,2,17738875944199288423,POSIX_FILENOS,24.0,/pscratch/sd/a/ayazdani/amrex-tutorials/ExampleCodes/MPMD/Case-1/plt_cpp_2/Level_0/Cell_H,/pscratch,lustre
434,POSIX,2,17738875944199288423,POSIX_WRITES,22.0,/pscratch/sd/a/ayazdani/amrex-tutorials/ExampleCodes/MPMD/Case-1/plt_cpp_2/Level_0/Cell_H,/pscratch,lustre
435,POSIX,2,17738875944199288423,POSIX_SEEKS,2.0,/pscratch/sd/a/ayazdani/amrex-tutorials/ExampleCodes/MPMD/Case-1/plt_cpp_2/Level_0/Cell_H,/pscratch,lustre
437,POSIX,2,17738875944199288423,POSIX_MMAPS,-1.0,/pscratch/sd/a/ayazdani/amrex-tutorials/ExampleCodes/MPMD/Case-1/plt_cpp_2/Level_0/Cell_H,/pscratch,lustre
445,POSIX,2,17738875944199288423,POSIX_BYTES_WRITTEN,44632332.0,/pscratch/sd/a/ayazdani/amrex-tutorials/ExampleCodes/MPMD/Case-1/plt_cpp_2/Level_0/Cell_H,/pscratch,lustre
447,POSIX,2,17738875944199288423,POSIX_MAX_BYTE_WRITTEN,44632331.0,/pscratch/sd/a/ayazdani/amrex-tutorials/ExampleCodes/MPMD/Case-1/plt_cpp_2/Level_0/Cell_H,/pscratch,lustre
449,POSIX,2,17738875944199288423,POSIX_CONSEC_WRITES,21.0,/pscratch/sd/a/ayazdani/amrex-tutorials/ExampleCodes/MPMD/Case-1/plt_cpp_2/Level_0/Cell_H,/pscratch,lustre
451,POSIX,2,17738875944199288423,POSIX_SEQ_WRITES,21.0,/pscratch/sd/a/ayazdani/amrex-tutorials/ExampleCodes/MPMD/Case-1/plt_cpp_2/Level_0/Cell_H,/pscratch,lustre
453,POSIX,2,17738875944199288423,POSIX_MEM_NOT_ALIGNED,9.0,/pscratch/sd/a/ayazdani/amrex-tutorials/ExampleCodes/MPMD/Case-1/plt_cpp_2/Level_0/Cell_H,/pscratch,lustre
454,POSIX,2,17738875944199288423,POSIX_MEM_ALIGNMENT,8.0,/pscratch/sd/a/ayazdani/amrex-tutorials/ExampleCodes/MPMD/Case-1/plt_cpp_2/Level_0/Cell_H,/pscratch,lustre
455,POSIX,2,17738875944199288423,POSIX_FILE_NOT_ALIGNED,17.0,/pscratch/sd/a/ayazdani/amrex-tutorials/ExampleCodes/MPMD/Case-1/plt_cpp_2/Level_0/Cell_H,/pscratch,lustre
456,POSIX,2,17738875944199288423,POSIX_FILE_ALIGNMENT,1048576.0,/pscratch/sd/a/ayazdani/amrex-tutorials/ExampleCodes/MPMD/Case-1/plt_cpp_2/Level_0/Cell_H,/pscratch,lustre
458,POSIX,2,17738875944199288423,POSIX_MAX_WRITE_TIME_SIZE,2097151.0,/pscratch/sd/a/ayazdani/amrex-tutorials/ExampleCodes/MPMD/Case-1/plt_cpp_2/Level_0/Cell_H,/pscratch,lustre
473,POSIX,2,17738875944199288423,POSIX_SIZE_WRITE_100K_1M,1.0,/pscratch/sd/a/ayazdani/amrex-tutorials/ExampleCodes/MPMD/Case-1/plt_cpp_2/Level_0/Cell_H,/pscratch,lustre
474,POSIX,2,17738875944199288423,POSIX_SIZE_WRITE_1M_4M,21.0,/pscratch/sd/a/ayazdani/amrex-tutorials/ExampleCodes/MPMD/Case-1/plt_cpp_2/Level_0/Cell_H,/pscratch,lustre
487,POSIX,2,17738875944199288423,POSIX_ACCESS1_ACCESS,2097151.0,/pscratch/sd/a/ayazdani/amrex-tutorials/ExampleCodes/MPMD/Case-1/plt_cpp_2/Level_0/Cell_H,/pscratch,lustre
488,POSIX,2,17738875944199288423,POSIX_ACCESS2_ACCESS,2097152.0,/pscratch/sd/a/ayazdani/amrex-tutorials/ExampleCodes/MPMD/Case-1/plt_cpp_2/Level_0/Cell_H,/pscratch,lustre
489,POSIX,2,17738875944199288423,POSIX_ACCESS3_ACCESS,2097174.0,/pscratch/sd/a/ayazdani/amrex-tutorials/ExampleCodes/MPMD/Case-1/plt_cpp_2/Level_0/Cell_H,/pscratch,lustre
490,POSIX,2,17738875944199288423,POSIX_ACCESS4_ACCESS,2097161.0,/pscratch/sd/a/ayazdani/amrex-tutorials/ExampleCodes/MPMD/Case-1/plt_cpp_2/Level_0/Cell_H,/pscratch,lustre
491,POSIX,2,17738875944199288423,POSIX_ACCESS1_COUNT,12.0,/pscratch/sd/a/ayazdani/amrex-tutorials/ExampleCodes/MPMD/Case-1/plt_cpp_2/Level_0/Cell_H,/pscratch,lustre
492,POSIX,2,17738875944199288423,POSIX_ACCESS2_COUNT,6.0,/pscratch/sd/a/ayazdani/amrex-tutorials/ExampleCodes/MPMD/Case-1/plt_cpp_2/Level_0/Cell_H,/pscratch,lustre
493,POSIX,2,17738875944199288423,POSIX_ACCESS3_COUNT,1.0,/pscratch/sd/a/ayazdani/amrex-tutorials/ExampleCodes/MPMD/Case-1/plt_cpp_2/Level_0/Cell_H,/pscratch,lustre
494,POSIX,2,17738875944199288423,POSIX_ACCESS4_COUNT,1.0,/pscratch/sd/a/ayazdani/amrex-tutorials/ExampleCodes/MPMD/Case-1/plt_cpp_2/Level_0/Cell_H,/pscratch,lustre
499,POSIX,2,17738875944199288423,POSIX_F_OPEN_START_TIMESTAMP,141.905442,/pscratch/sd/a/ayazdani/amrex-tutorials/ExampleCodes/MPMD/Case-1/plt_cpp_2/Level_0/Cell_H,/pscratch,lustre
501,POSIX,2,17738875944199288423,POSIX_F_WRITE_START_TIMESTAMP,141.90545,/pscratch/sd/a/ayazdani/amrex-tutorials/ExampleCodes/MPMD/Case-1/plt_cpp_2/Level_0/Cell_H,/pscratch,lustre
503,POSIX,2,17738875944199288423,POSIX_F_OPEN_END_TIMESTAMP,142.955527,/pscratch/sd/a/ayazdani/amrex-tutorials/ExampleCodes/MPMD/Case-1/plt_cpp_2/Level_0/Cell_H,/pscratch,lustre
505,POSIX,2,17738875944199288423,POSIX_F_WRITE_END_TIMESTAMP,142.955475,/pscratch/sd/a/ayazdani/amrex-tutorials/ExampleCodes/MPMD/Case-1/plt_cpp_2/Level_0/Cell_H,/pscratch,lustre
508,POSIX,2,17738875944199288423,POSIX_F_WRITE_TIME,0.048745,/pscratch/sd/a/ayazdani/amrex-tutorials/ExampleCodes/MPMD/Case-1/plt_cpp_2/Level_0/Cell_H,/pscratch,lustre
509,POSIX,2,17738875944199288423,POSIX_F_META_TIME,6.1e-05,/pscratch/sd/a/ayazdani/amrex-tutorials/ExampleCodes/MPMD/Case-1/plt_cpp_2/Level_0/Cell_H,/pscratch,lustre
511,POSIX,2,17738875944199288423,POSIX_F_MAX_WRITE_TIME,0.002993,/pscratch/sd/a/ayazdani/amrex-tutorials/ExampleCodes/MPMD/Case-1/plt_cpp_2/Level_0/Cell_H,/pscratch,lustre
516,POSIX,3,16097509171938178190,POSIX_OPENS,7.0,/pscratch/sd/a/ayazdani/amrex-tutorials/ExampleCodes/MPMD/Case-1/plt_cpp_2/Header,/pscratch,lustre
517,POSIX,3,16097509171938178190,POSIX_FILENOS,7.0,/pscratch/sd/a/ayazdani/amrex-tutorials/ExampleCodes/MPMD/Case-1/plt_cpp_2/Header,/pscratch,lustre
520,POSIX,3,16097509171938178190,POSIX_WRITES,8.0,/pscratch/sd/a/ayazdani/amrex-tutorials/ExampleCodes/MPMD/Case-1/plt_cpp_2/Header,/pscratch,lustre
523,POSIX,3,16097509171938178190,POSIX_MMAPS,-1.0,/pscratch/sd/a/ayazdani/amrex-tutorials/ExampleCodes/MPMD/Case-1/plt_cpp_2/Header,/pscratch,lustre
531,POSIX,3,16097509171938178190,POSIX_BYTES_WRITTEN,16253341.0,/pscratch/sd/a/ayazdani/amrex-tutorials/ExampleCodes/MPMD/Case-1/plt_cpp_2/Header,/pscratch,lustre
533,POSIX,3,16097509171938178190,POSIX_MAX_BYTE_WRITTEN,16253340.0,/pscratch/sd/a/ayazdani/amrex-tutorials/ExampleCodes/MPMD/Case-1/plt_cpp_2/Header,/pscratch,lustre
535,POSIX,3,16097509171938178190,POSIX_CONSEC_WRITES,7.0,/pscratch/sd/a/ayazdani/amrex-tutorials/ExampleCodes/MPMD/Case-1/plt_cpp_2/Header,/pscratch,lustre
537,POSIX,3,16097509171938178190,POSIX_SEQ_WRITES,7.0,/pscratch/sd/a/ayazdani/amrex-tutorials/ExampleCodes/MPMD/Case-1/plt_cpp_2/Header,/pscratch,lustre
540,POSIX,3,16097509171938178190,POSIX_MEM_ALIGNMENT,8.0,/pscratch/sd/a/ayazdani/amrex-tutorials/ExampleCodes/MPMD/Case-1/plt_cpp_2/Header,/pscratch,lustre
541,POSIX,3,16097509171938178190,POSIX_FILE_NOT_ALIGNED,7.0,/pscratch/sd/a/ayazdani/amrex-tutorials/ExampleCodes/MPMD/Case-1/plt_cpp_2/Header,/pscratch,lustre
542,POSIX,3,16097509171938178190,POSIX_FILE_ALIGNMENT,1048576.0,/pscratch/sd/a/ayazdani/amrex-tutorials/ExampleCodes/MPMD/Case-1/plt_cpp_2/Header,/pscratch,lustre
544,POSIX,3,16097509171938178190,POSIX_MAX_WRITE_TIME_SIZE,2097155.0,/pscratch/sd/a/ayazdani/amrex-tutorials/ExampleCodes/MPMD/Case-1/plt_cpp_2/Header,/pscratch,lustre
560,POSIX,3,16097509171938178190,POSIX_SIZE_WRITE_1M_4M,8.0,/pscratch/sd/a/ayazdani/amrex-tutorials/ExampleCodes/MPMD/Case-1/plt_cpp_2/Header,/pscratch,lustre
573,POSIX,3,16097509171938178190,POSIX_ACCESS1_ACCESS,2097394.0,/pscratch/sd/a/ayazdani/amrex-tutorials/ExampleCodes/MPMD/Case-1/plt_cpp_2/Header,/pscratch,lustre
574,POSIX,3,16097509171938178190,POSIX_ACCESS2_ACCESS,2097156.0,/pscratch/sd/a/ayazdani/amrex-tutorials/ExampleCodes/MPMD/Case-1/plt_cpp_2/Header,/pscratch,lustre
575,POSIX,3,16097509171938178190,POSIX_ACCESS3_ACCESS,2097155.0,/pscratch/sd/a/ayazdani/amrex-tutorials/ExampleCodes/MPMD/Case-1/plt_cpp_2/Header,/pscratch,lustre
576,POSIX,3,16097509171938178190,POSIX_ACCESS4_ACCESS,2097154.0,/pscratch/sd/a/ayazdani/amrex-tutorials/ExampleCodes/MPMD/Case-1/plt_cpp_2/Header,/pscratch,lustre
577,POSIX,3,16097509171938178190,POSIX_ACCESS1_COUNT,1.0,/pscratch/sd/a/ayazdani/amrex-tutorials/ExampleCodes/MPMD/Case-1/plt_cpp_2/Header,/pscratch,lustre
578,POSIX,3,16097509171938178190,POSIX_ACCESS2_COUNT,1.0,/pscratch/sd/a/ayazdani/amrex-tutorials/ExampleCodes/MPMD/Case-1/plt_cpp_2/Header,/pscratch,lustre
579,POSIX,3,16097509171938178190,POSIX_ACCESS3_COUNT,1.0,/pscratch/sd/a/ayazdani/amrex-tutorials/ExampleCodes/MPMD/Case-1/plt_cpp_2/Header,/pscratch,lustre
580,POSIX,3,16097509171938178190,POSIX_ACCESS4_COUNT,1.0,/pscratch/sd/a/ayazdani/amrex-tutorials/ExampleCodes/MPMD/Case-1/plt_cpp_2/Header,/pscratch,lustre
585,POSIX,3,16097509171938178190,POSIX_F_OPEN_START_TIMESTAMP,13.02799,/pscratch/sd/a/ayazdani/amrex-tutorials/ExampleCodes/MPMD/Case-1/plt_cpp_2/Header,/pscratch,lustre
587,POSIX,3,16097509171938178190,POSIX_F_WRITE_START_TIMESTAMP,13.028023,/pscratch/sd/a/ayazdani/amrex-tutorials/ExampleCodes/MPMD/Case-1/plt_cpp_2/Header,/pscratch,lustre
589,POSIX,3,16097509171938178190,POSIX_F_OPEN_END_TIMESTAMP,14.042801,/pscratch/sd/a/ayazdani/amrex-tutorials/ExampleCodes/MPMD/Case-1/plt_cpp_2/Header,/pscratch,lustre
591,POSIX,3,16097509171938178190,POSIX_F_WRITE_END_TIMESTAMP,14.717026,/pscratch/sd/a/ayazdani/amrex-tutorials/ExampleCodes/MPMD/Case-1/plt_cpp_2/Header,/pscratch,lustre
594,POSIX,3,16097509171938178190,POSIX_F_WRITE_TIME,0.020966,/pscratch/sd/a/ayazdani/amrex-tutorials/ExampleCodes/MPMD/Case-1/plt_cpp_2/Header,/pscratch,lustre
595,POSIX,3,16097509171938178190,POSIX_F_META_TIME,2e-06,/pscratch/sd/a/ayazdani/amrex-tutorials/ExampleCodes/MPMD/Case-1/plt_cpp_2/Header,/pscratch,lustre
597,POSIX,3,16097509171938178190,POSIX_F_MAX_WRITE_TIME,0.003185,/pscratch/sd/a/ayazdani/amrex-tutorials/ExampleCodes/MPMD/Case-1/plt_cpp_2/Header,/pscratch,lustre
602,POSIX,3,9546082585085241934,POSIX_OPENS,519.0,/pscratch/sd/a/ayazdani/amrex-tutorials/ExampleCodes/MPMD/Case-1/plt_cpp_2/Level_0/Cell_D_00001,/pscratch,lustre
603,POSIX,3,9546082585085241934,POSIX_FILENOS,519.0,/pscratch/sd/a/ayazdani/amrex-tutorials/ExampleCodes/MPMD/Case-1/plt_cpp_2/Level_0/Cell_D_00001,/pscratch,lustre
606,POSIX,3,9546082585085241934,POSIX_WRITES,518.0,/pscratch/sd/a/ayazdani/amrex-tutorials/ExampleCodes/MPMD/Case-1/plt_cpp_2/Level_0/Cell_D_00001,/pscratch,lustre
609,POSIX,3,9546082585085241934,POSIX_MMAPS,-1.0,/pscratch/sd/a/ayazdani/amrex-tutorials/ExampleCodes/MPMD/Case-1/plt_cpp_2/Level_0/Cell_D_00001,/pscratch,lustre
617,POSIX,3,9546082585085241934,POSIX_BYTES_WRITTEN,1084538638.0,/pscratch/sd/a/ayazdani/amrex-tutorials/ExampleCodes/MPMD/Case-1/plt_cpp_2/Level_0/Cell_D_00001,/pscratch,lustre
619,POSIX,3,9546082585085241934,POSIX_MAX_BYTE_WRITTEN,1084538637.0,/pscratch/sd/a/ayazdani/amrex-tutorials/ExampleCodes/MPMD/Case-1/plt_cpp_2/Level_0/Cell_D_00001,/pscratch,lustre
621,POSIX,3,9546082585085241934,POSIX_CONSEC_WRITES,517.0,/pscratch/sd/a/ayazdani/amrex-tutorials/ExampleCodes/MPMD/Case-1/plt_cpp_2/Level_0/Cell_D_00001,/pscratch,lustre
623,POSIX,3,9546082585085241934,POSIX_SEQ_WRITES,517.0,/pscratch/sd/a/ayazdani/amrex-tutorials/ExampleCodes/MPMD/Case-1/plt_cpp_2/Level_0/Cell_D_00001,/pscratch,lustre
626,POSIX,3,9546082585085241934,POSIX_MEM_ALIGNMENT,8.0,/pscratch/sd/a/ayazdani/amrex-tutorials/ExampleCodes/MPMD/Case-1/plt_cpp_2/Level_0/Cell_D_00001,/pscratch,lustre
627,POSIX,3,9546082585085241934,POSIX_FILE_NOT_ALIGNED,517.0,/pscratch/sd/a/ayazdani/amrex-tutorials/ExampleCodes/MPMD/Case-1/plt_cpp_2/Level_0/Cell_D_00001,/pscratch,lustre
628,POSIX,3,9546082585085241934,POSIX_FILE_ALIGNMENT,1048576.0,/pscratch/sd/a/ayazdani/amrex-tutorials/ExampleCodes/MPMD/Case-1/plt_cpp_2/Level_0/Cell_D_00001,/pscratch,lustre
630,POSIX,3,9546082585085241934,POSIX_MAX_WRITE_TIME_SIZE,2097394.0,/pscratch/sd/a/ayazdani/amrex-tutorials/ExampleCodes/MPMD/Case-1/plt_cpp_2/Level_0/Cell_D_00001,/pscratch,lustre
645,POSIX,3,9546082585085241934,POSIX_SIZE_WRITE_100K_1M,1.0,/pscratch/sd/a/ayazdani/amrex-tutorials/ExampleCodes/MPMD/Case-1/plt_cpp_2/Level_0/Cell_D_00001,/pscratch,lustre
646,POSIX,3,9546082585085241934,POSIX_SIZE_WRITE_1M_4M,517.0,/pscratch/sd/a/ayazdani/amrex-tutorials/ExampleCodes/MPMD/Case-1/plt_cpp_2/Level_0/Cell_D_00001,/pscratch,lustre
659,POSIX,3,9546082585085241934,POSIX_ACCESS1_ACCESS,2097394.0,/pscratch/sd/a/ayazdani/amrex-tutorials/ExampleCodes/MPMD/Case-1/plt_cpp_2/Level_0/Cell_D_00001,/pscratch,lustre
660,POSIX,3,9546082585085241934,POSIX_ACCESS2_ACCESS,2097392.0,/pscratch/sd/a/ayazdani/amrex-tutorials/ExampleCodes/MPMD/Case-1/plt_cpp_2/Level_0/Cell_D_00001,/pscratch,lustre
661,POSIX,3,9546082585085241934,POSIX_ACCESS3_ACCESS,2097390.0,/pscratch/sd/a/ayazdani/amrex-tutorials/ExampleCodes/MPMD/Case-1/plt_cpp_2/Level_0/Cell_D_00001,/pscratch,lustre
662,POSIX,3,9546082585085241934,POSIX_ACCESS4_ACCESS,2097778.0,/pscratch/sd/a/ayazdani/amrex-tutorials/ExampleCodes/MPMD/Case-1/plt_cpp_2/Level_0/Cell_D_00001,/pscratch,lustre
663,POSIX,3,9546082585085241934,POSIX_ACCESS1_COUNT,384.0,/pscratch/sd/a/ayazdani/amrex-tutorials/ExampleCodes/MPMD/Case-1/plt_cpp_2/Level_0/Cell_D_00001,/pscratch,lustre
664,POSIX,3,9546082585085241934,POSIX_ACCESS2_COUNT,14.0,/pscratch/sd/a/ayazdani/amrex-tutorials/ExampleCodes/MPMD/Case-1/plt_cpp_2/Level_0/Cell_D_00001,/pscratch,lustre
665,POSIX,3,9546082585085241934,POSIX_ACCESS3_COUNT,14.0,/pscratch/sd/a/ayazdani/amrex-tutorials/ExampleCodes/MPMD/Case-1/plt_cpp_2/Level_0/Cell_D_00001,/pscratch,lustre
666,POSIX,3,9546082585085241934,POSIX_ACCESS4_COUNT,6.0,/pscratch/sd/a/ayazdani/amrex-tutorials/ExampleCodes/MPMD/Case-1/plt_cpp_2/Level_0/Cell_D_00001,/pscratch,lustre
671,POSIX,3,9546082585085241934,POSIX_F_OPEN_START_TIMESTAMP,14.686432,/pscratch/sd/a/ayazdani/amrex-tutorials/ExampleCodes/MPMD/Case-1/plt_cpp_2/Level_0/Cell_D_00001,/pscratch,lustre
673,POSIX,3,9546082585085241934,POSIX_F_WRITE_START_TIMESTAMP,14.686442,/pscratch/sd/a/ayazdani/amrex-tutorials/ExampleCodes/MPMD/Case-1/plt_cpp_2/Level_0/Cell_D_00001,/pscratch,lustre
675,POSIX,3,9546082585085241934,POSIX_F_OPEN_END_TIMESTAMP,22.21659,/pscratch/sd/a/ayazdani/amrex-tutorials/ExampleCodes/MPMD/Case-1/plt_cpp_2/Level_0/Cell_D_00001,/pscratch,lustre
677,POSIX,3,9546082585085241934,POSIX_F_WRITE_END_TIMESTAMP,22.21694,/pscratch/sd/a/ayazdani/amrex-tutorials/ExampleCodes/MPMD/Case-1/plt_cpp_2/Level_0/Cell_D_00001,/pscratch,lustre
680,POSIX,3,9546082585085241934,POSIX_F_WRITE_TIME,1.384387,/pscratch/sd/a/ayazdani/amrex-tutorials/ExampleCodes/MPMD/Case-1/plt_cpp_2/Level_0/Cell_D_00001,/pscratch,lustre
681,POSIX,3,9546082585085241934,POSIX_F_META_TIME,7.7e-05,/pscratch/sd/a/ayazdani/amrex-tutorials/ExampleCodes/MPMD/Case-1/plt_cpp_2/Level_0/Cell_D_00001,/pscratch,lustre
683,POSIX,3,9546082585085241934,POSIX_F_MAX_WRITE_TIME,0.004553,/pscratch/sd/a/ayazdani/amrex-tutorials/ExampleCodes/MPMD/Case-1/plt_cpp_2/Level_0/Cell_D_00001,/pscratch,lustre
688,LUSTRE,0,9776070601501419358,LUSTRE_NUM_COMPONENTS,1,/pscratch/sd/a/ayazdani/amrex-tutorials/ExampleCodes/MPMD/Case-1/plt_cpp_1/Level_0/Cell_D_00000,/pscratch,lustre
689,LUSTRE,0,9776070601501419358,LUSTRE_NUM_STRIPES,1,/pscratch/sd/a/ayazdani/amrex-tutorials/ExampleCodes/MPMD/Case-1/plt_cpp_1/Level_0/Cell_D_00000,/pscratch,lustre
690,LUSTRE,0,9776070601501419358,LUSTRE_COMP1_STRIPE_SIZE,1048576,/pscratch/sd/a/ayazdani/amrex-tutorials/ExampleCodes/MPMD/Case-1/plt_cpp_1/Level_0/Cell_D_00000,/pscratch,lustre
691,LUSTRE,0,9776070601501419358,LUSTRE_COMP1_STRIPE_COUNT,1,/pscratch/sd/a/ayazdani/amrex-tutorials/ExampleCodes/MPMD/Case-1/plt_cpp_1/Level_0/Cell_D_00000,/pscratch,lustre
692,LUSTRE,0,9776070601501419358,LUSTRE_COMP1_STRIPE_PATTERN,raid0,/pscratch/sd/a/ayazdani/amrex-tutorials/ExampleCodes/MPMD/Case-1/plt_cpp_1/Level_0/Cell_D_00000,/pscratch,lustre
693,LUSTRE,0,9776070601501419358,LUSTRE_COMP1_FLAGS,0,/pscratch/sd/a/ayazdani/amrex-tutorials/ExampleCodes/MPMD/Case-1/plt_cpp_1/Level_0/Cell_D_00000,/pscratch,lustre
694,LUSTRE,0,9776070601501419358,LUSTRE_COMP1_EXT_START,0,/pscratch/sd/a/ayazdani/amrex-tutorials/ExampleCodes/MPMD/Case-1/plt_cpp_1/Level_0/Cell_D_00000,/pscratch,lustre
695,LUSTRE,0,9776070601501419358,LUSTRE_COMP1_EXT_END,-1,/pscratch/sd/a/ayazdani/amrex-tutorials/ExampleCodes/MPMD/Case-1/plt_cpp_1/Level_0/Cell_D_00000,/pscratch,lustre
696,LUSTRE,0,9776070601501419358,LUSTRE_COMP1_MIRROR_ID,0,/pscratch/sd/a/ayazdani/amrex-tutorials/ExampleCodes/MPMD/Case-1/plt_cpp_1/Level_0/Cell_D_00000,/pscratch,lustre
697,LUSTRE,0,9776070601501419358,LUSTRE_COMP1_POOL_NAME,original,/pscratch/sd/a/ayazdani/amrex-tutorials/ExampleCodes/MPMD/Case-1/plt_cpp_1/Level_0/Cell_D_00000,/pscratch,lustre
698,LUSTRE,0,9776070601501419358,LUSTRE_COMP1_OST_ID_0,270,/pscratch/sd/a/ayazdani/amrex-tutorials/ExampleCodes/MPMD/Case-1/plt_cpp_1/Level_0/Cell_D_00000,/pscratch,lustre
699,LUSTRE,0,13268337641086144525,LUSTRE_NUM_COMPONENTS,1,/pscratch/sd/a/ayazdani/amrex-tutorials/ExampleCodes/MPMD/Case-1/plt_cpp_1/Level_0/Cell_H,/pscratch,lustre
700,LUSTRE,0,13268337641086144525,LUSTRE_NUM_STRIPES,1,/pscratch/sd/a/ayazdani/amrex-tutorials/ExampleCodes/MPMD/Case-1/plt_cpp_1/Level_0/Cell_H,/pscratch,lustre
701,LUSTRE,0,13268337641086144525,LUSTRE_COMP1_STRIPE_SIZE,1048576,/pscratch/sd/a/ayazdani/amrex-tutorials/ExampleCodes/MPMD/Case-1/plt_cpp_1/Level_0/Cell_H,/pscratch,lustre
702,LUSTRE,0,13268337641086144525,LUSTRE_COMP1_STRIPE_COUNT,1,/pscratch/sd/a/ayazdani/amrex-tutorials/ExampleCodes/MPMD/Case-1/plt_cpp_1/Level_0/Cell_H,/pscratch,lustre
703,LUSTRE,0,13268337641086144525,LUSTRE_COMP1_STRIPE_PATTERN,raid0,/pscratch/sd/a/ayazdani/amrex-tutorials/ExampleCodes/MPMD/Case-1/plt_cpp_1/Level_0/Cell_H,/pscratch,lustre
704,LUSTRE,0,13268337641086144525,LUSTRE_COMP1_FLAGS,0,/pscratch/sd/a/ayazdani/amrex-tutorials/ExampleCodes/MPMD/Case-1/plt_cpp_1/Level_0/Cell_H,/pscratch,lustre
705,LUSTRE,0,13268337641086144525,LUSTRE_COMP1_EXT_START,0,/pscratch/sd/a/ayazdani/amrex-tutorials/ExampleCodes/MPMD/Case-1/plt_cpp_1/Level_0/Cell_H,/pscratch,lustre
706,LUSTRE,0,13268337641086144525,LUSTRE_COMP1_EXT_END,-1,/pscratch/sd/a/ayazdani/amrex-tutorials/ExampleCodes/MPMD/Case-1/plt_cpp_1/Level_0/Cell_H,/pscratch,lustre
707,LUSTRE,0,13268337641086144525,LUSTRE_COMP1_MIRROR_ID,0,/pscratch/sd/a/ayazdani/amrex-tutorials/ExampleCodes/MPMD/Case-1/plt_cpp_1/Level_0/Cell_H,/pscratch,lustre
708,LUSTRE,0,13268337641086144525,LUSTRE_COMP1_POOL_NAME,original,/pscratch/sd/a/ayazdani/amrex-tutorials/ExampleCodes/MPMD/Case-1/plt_cpp_1/Level_0/Cell_H,/pscratch,lustre
709,LUSTRE,0,13268337641086144525,LUSTRE_COMP1_OST_ID_0,322,/pscratch/sd/a/ayazdani/amrex-tutorials/ExampleCodes/MPMD/Case-1/plt_cpp_1/Level_0/Cell_H,/pscratch,lustre
710,LUSTRE,1,8576505722018891917,LUSTRE_NUM_COMPONENTS,1,/pscratch/sd/a/ayazdani/amrex-tutorials/ExampleCodes/MPMD/Case-1/plt_cpp_1/Header,/pscratch,lustre
711,LUSTRE,1,8576505722018891917,LUSTRE_NUM_STRIPES,1,/pscratch/sd/a/ayazdani/amrex-tutorials/ExampleCodes/MPMD/Case-1/plt_cpp_1/Header,/pscratch,lustre
712,LUSTRE,1,8576505722018891917,LUSTRE_COMP1_STRIPE_SIZE,1048576,/pscratch/sd/a/ayazdani/amrex-tutorials/ExampleCodes/MPMD/Case-1/plt_cpp_1/Header,/pscratch,lustre
713,LUSTRE,1,8576505722018891917,LUSTRE_COMP1_STRIPE_COUNT,1,/pscratch/sd/a/ayazdani/amrex-tutorials/ExampleCodes/MPMD/Case-1/plt_cpp_1/Header,/pscratch,lustre
714,LUSTRE,1,8576505722018891917,LUSTRE_COMP1_STRIPE_PATTERN,raid0,/pscratch/sd/a/ayazdani/amrex-tutorials/ExampleCodes/MPMD/Case-1/plt_cpp_1/Header,/pscratch,lustre
715,LUSTRE,1,8576505722018891917,LUSTRE_COMP1_FLAGS,0,/pscratch/sd/a/ayazdani/amrex-tutorials/ExampleCodes/MPMD/Case-1/plt_cpp_1/Header,/pscratch,lustre
716,LUSTRE,1,8576505722018891917,LUSTRE_COMP1_EXT_START,0,/pscratch/sd/a/ayazdani/amrex-tutorials/ExampleCodes/MPMD/Case-1/plt_cpp_1/Header,/pscratch,lustre
717,LUSTRE,1,8576505722018891917,LUSTRE_COMP1_EXT_END,-1,/pscratch/sd/a/ayazdani/amrex-tutorials/ExampleCodes/MPMD/Case-1/plt_cpp_1/Header,/pscratch,lustre
718,LUSTRE,1,8576505722018891917,LUSTRE_COMP1_MIRROR_ID,0,/pscratch/sd/a/ayazdani/amrex-tutorials/ExampleCodes/MPMD/Case-1/plt_cpp_1/Header,/pscratch,lustre
719,LUSTRE,1,8576505722018891917,LUSTRE_COMP1_POOL_NAME,original,/pscratch/sd/a/ayazdani/amrex-tutorials/ExampleCodes/MPMD/Case-1/plt_cpp_1/Header,/pscratch,lustre
720,LUSTRE,1,8576505722018891917,LUSTRE_COMP1_OST_ID_0,269,/pscratch/sd/a/ayazdani/amrex-tutorials/ExampleCodes/MPMD/Case-1/plt_cpp_1/Header,/pscratch,lustre
721,LUSTRE,1,6294410177327220565,LUSTRE_NUM_COMPONENTS,1,/pscratch/sd/a/ayazdani/amrex-tutorials/ExampleCodes/MPMD/Case-1/plt_cpp_1/Level_0/Cell_D_00001,/pscratch,lustre
722,LUSTRE,1,6294410177327220565,LUSTRE_NUM_STRIPES,1,/pscratch/sd/a/ayazdani/amrex-tutorials/ExampleCodes/MPMD/Case-1/plt_cpp_1/Level_0/Cell_D_00001,/pscratch,lustre
723,LUSTRE,1,6294410177327220565,LUSTRE_COMP1_STRIPE_SIZE,1048576,/pscratch/sd/a/ayazdani/amrex-tutorials/ExampleCodes/MPMD/Case-1/plt_cpp_1/Level_0/Cell_D_00001,/pscratch,lustre
724,LUSTRE,1,6294410177327220565,LUSTRE_COMP1_STRIPE_COUNT,1,/pscratch/sd/a/ayazdani/amrex-tutorials/ExampleCodes/MPMD/Case-1/plt_cpp_1/Level_0/Cell_D_00001,/pscratch,lustre
725,LUSTRE,1,6294410177327220565,LUSTRE_COMP1_STRIPE_PATTERN,raid0,/pscratch/sd/a/ayazdani/amrex-tutorials/ExampleCodes/MPMD/Case-1/plt_cpp_1/Level_0/Cell_D_00001,/pscratch,lustre
726,LUSTRE,1,6294410177327220565,LUSTRE_COMP1_FLAGS,0,/pscratch/sd/a/ayazdani/amrex-tutorials/ExampleCodes/MPMD/Case-1/plt_cpp_1/Level_0/Cell_D_00001,/pscratch,lustre
727,LUSTRE,1,6294410177327220565,LUSTRE_COMP1_EXT_START,0,/pscratch/sd/a/ayazdani/amrex-tutorials/ExampleCodes/MPMD/Case-1/plt_cpp_1/Level_0/Cell_D_00001,/pscratch,lustre
728,LUSTRE,1,6294410177327220565,LUSTRE_COMP1_EXT_END,-1,/pscratch/sd/a/ayazdani/amrex-tutorials/ExampleCodes/MPMD/Case-1/plt_cpp_1/Level_0/Cell_D_00001,/pscratch,lustre
729,LUSTRE,1,6294410177327220565,LUSTRE_COMP1_MIRROR_ID,0,/pscratch/sd/a/ayazdani/amrex-tutorials/ExampleCodes/MPMD/Case-1/plt_cpp_1/Level_0/Cell_D_00001,/pscratch,lustre
730,LUSTRE,1,6294410177327220565,LUSTRE_COMP1_POOL_NAME,original,/pscratch/sd/a/ayazdani/amrex-tutorials/ExampleCodes/MPMD/Case-1/plt_cpp_1/Level_0/Cell_D_00001,/pscratch,lustre
731,LUSTRE,1,6294410177327220565,LUSTRE_COMP1_OST_ID_0,286,/pscratch/sd/a/ayazdani/amrex-tutorials/ExampleCodes/MPMD/Case-1/plt_cpp_1/Level_0/Cell_D_00001,/pscratch,lustre
732,LUSTRE,2,1101202836259582757,LUSTRE_NUM_COMPONENTS,1,/pscratch/sd/a/ayazdani/amrex-tutorials/ExampleCodes/MPMD/Case-1/plt_cpp_2/Level_0/Cell_D_00000,/pscratch,lustre
733,LUSTRE,2,1101202836259582757,LUSTRE_NUM_STRIPES,1,/pscratch/sd/a/ayazdani/amrex-tutorials/ExampleCodes/MPMD/Case-1/plt_cpp_2/Level_0/Cell_D_00000,/pscratch,lustre
734,LUSTRE,2,1101202836259582757,LUSTRE_COMP1_STRIPE_SIZE,1048576,/pscratch/sd/a/ayazdani/amrex-tutorials/ExampleCodes/MPMD/Case-1/plt_cpp_2/Level_0/Cell_D_00000,/pscratch,lustre
735,LUSTRE,2,1101202836259582757,LUSTRE_COMP1_STRIPE_COUNT,1,/pscratch/sd/a/ayazdani/amrex-tutorials/ExampleCodes/MPMD/Case-1/plt_cpp_2/Level_0/Cell_D_00000,/pscratch,lustre
736,LUSTRE,2,1101202836259582757,LUSTRE_COMP1_STRIPE_PATTERN,raid0,/pscratch/sd/a/ayazdani/amrex-tutorials/ExampleCodes/MPMD/Case-1/plt_cpp_2/Level_0/Cell_D_00000,/pscratch,lustre
737,LUSTRE,2,1101202836259582757,LUSTRE_COMP1_FLAGS,0,/pscratch/sd/a/ayazdani/amrex-tutorials/ExampleCodes/MPMD/Case-1/plt_cpp_2/Level_0/Cell_D_00000,/pscratch,lustre
738,LUSTRE,2,1101202836259582757,LUSTRE_COMP1_EXT_START,0,/pscratch/sd/a/ayazdani/amrex-tutorials/ExampleCodes/MPMD/Case-1/plt_cpp_2/Level_0/Cell_D_00000,/pscratch,lustre
739,LUSTRE,2,1101202836259582757,LUSTRE_COMP1_EXT_END,-1,/pscratch/sd/a/ayazdani/amrex-tutorials/ExampleCodes/MPMD/Case-1/plt_cpp_2/Level_0/Cell_D_00000,/pscratch,lustre
740,LUSTRE,2,1101202836259582757,LUSTRE_COMP1_MIRROR_ID,0,/pscratch/sd/a/ayazdani/amrex-tutorials/ExampleCodes/MPMD/Case-1/plt_cpp_2/Level_0/Cell_D_00000,/pscratch,lustre
741,LUSTRE,2,1101202836259582757,LUSTRE_COMP1_POOL_NAME,original,/pscratch/sd/a/ayazdani/amrex-tutorials/ExampleCodes/MPMD/Case-1/plt_cpp_2/Level_0/Cell_D_00000,/pscratch,lustre
742,LUSTRE,2,1101202836259582757,LUSTRE_COMP1_OST_ID_0,261,/pscratch/sd/a/ayazdani/amrex-tutorials/ExampleCodes/MPMD/Case-1/plt_cpp_2/Level_0/Cell_D_00000,/pscratch,lustre
743,LUSTRE,2,17738875944199288423,LUSTRE_NUM_COMPONENTS,1,/pscratch/sd/a/ayazdani/amrex-tutorials/ExampleCodes/MPMD/Case-1/plt_cpp_2/Level_0/Cell_H,/pscratch,lustre
744,LUSTRE,2,17738875944199288423,LUSTRE_NUM_STRIPES,1,/pscratch/sd/a/ayazdani/amrex-tutorials/ExampleCodes/MPMD/Case-1/plt_cpp_2/Level_0/Cell_H,/pscratch,lustre
745,LUSTRE,2,17738875944199288423,LUSTRE_COMP1_STRIPE_SIZE,1048576,/pscratch/sd/a/ayazdani/amrex-tutorials/ExampleCodes/MPMD/Case-1/plt_cpp_2/Level_0/Cell_H,/pscratch,lustre
746,LUSTRE,2,17738875944199288423,LUSTRE_COMP1_STRIPE_COUNT,1,/pscratch/sd/a/ayazdani/amrex-tutorials/ExampleCodes/MPMD/Case-1/plt_cpp_2/Level_0/Cell_H,/pscratch,lustre
747,LUSTRE,2,17738875944199288423,LUSTRE_COMP1_STRIPE_PATTERN,raid0,/pscratch/sd/a/ayazdani/amrex-tutorials/ExampleCodes/MPMD/Case-1/plt_cpp_2/Level_0/Cell_H,/pscratch,lustre
748,LUSTRE,2,17738875944199288423,LUSTRE_COMP1_FLAGS,0,/pscratch/sd/a/ayazdani/amrex-tutorials/ExampleCodes/MPMD/Case-1/plt_cpp_2/Level_0/Cell_H,/pscratch,lustre
749,LUSTRE,2,17738875944199288423,LUSTRE_COMP1_EXT_START,0,/pscratch/sd/a/ayazdani/amrex-tutorials/ExampleCodes/MPMD/Case-1/plt_cpp_2/Level_0/Cell_H,/pscratch,lustre
750,LUSTRE,2,17738875944199288423,LUSTRE_COMP1_EXT_END,-1,/pscratch/sd/a/ayazdani/amrex-tutorials/ExampleCodes/MPMD/Case-1/plt_cpp_2/Level_0/Cell_H,/pscratch,lustre
751,LUSTRE,2,17738875944199288423,LUSTRE_COMP1_MIRROR_ID,0,/pscratch/sd/a/ayazdani/amrex-tutorials/ExampleCodes/MPMD/Case-1/plt_cpp_2/Level_0/Cell_H,/pscratch,lustre
752,LUSTRE,2,17738875944199288423,LUSTRE_COMP1_POOL_NAME,original,/pscratch/sd/a/ayazdani/amrex-tutorials/ExampleCodes/MPMD/Case-1/plt_cpp_2/Level_0/Cell_H,/pscratch,lustre
753,LUSTRE,2,17738875944199288423,LUSTRE_COMP1_OST_ID_0,9,/pscratch/sd/a/ayazdani/amrex-tutorials/ExampleCodes/MPMD/Case-1/plt_cpp_2/Level_0/Cell_H,/pscratch,lustre
754,LUSTRE,3,16097509171938178190,LUSTRE_NUM_COMPONENTS,1,/pscratch/sd/a/ayazdani/amrex-tutorials/ExampleCodes/MPMD/Case-1/plt_cpp_2/Header,/pscratch,lustre
755,LUSTRE,3,16097509171938178190,LUSTRE_NUM_STRIPES,1,/pscratch/sd/a/ayazdani/amrex-tutorials/ExampleCodes/MPMD/Case-1/plt_cpp_2/Header,/pscratch,lustre
756,LUSTRE,3,16097509171938178190,LUSTRE_COMP1_STRIPE_SIZE,1048576,/pscratch/sd/a/ayazdani/amrex-tutorials/ExampleCodes/MPMD/Case-1/plt_cpp_2/Header,/pscratch,lustre
757,LUSTRE,3,16097509171938178190,LUSTRE_COMP1_STRIPE_COUNT,1,/pscratch/sd/a/ayazdani/amrex-tutorials/ExampleCodes/MPMD/Case-1/plt_cpp_2/Header,/pscratch,lustre
758,LUSTRE,3,16097509171938178190,LUSTRE_COMP1_STRIPE_PATTERN,raid0,/pscratch/sd/a/ayazdani/amrex-tutorials/ExampleCodes/MPMD/Case-1/plt_cpp_2/Header,/pscratch,lustre
759,LUSTRE,3,16097509171938178190,LUSTRE_COMP1_FLAGS,0,/pscratch/sd/a/ayazdani/amrex-tutorials/ExampleCodes/MPMD/Case-1/plt_cpp_2/Header,/pscratch,lustre
760,LUSTRE,3,16097509171938178190,LUSTRE_COMP1_EXT_START,0,/pscratch/sd/a/ayazdani/amrex-tutorials/ExampleCodes/MPMD/Case-1/plt_cpp_2/Header,/pscratch,lustre
761,LUSTRE,3,16097509171938178190,LUSTRE_COMP1_EXT_END,-1,/pscratch/sd/a/ayazdani/amrex-tutorials/ExampleCodes/MPMD/Case-1/plt_cpp_2/Header,/pscratch,lustre
762,LUSTRE,3,16097509171938178190,LUSTRE_COMP1_MIRROR_ID,0,/pscratch/sd/a/ayazdani/amrex-tutorials/ExampleCodes/MPMD/Case-1/plt_cpp_2/Header,/pscratch,lustre
763,LUSTRE,3,16097509171938178190,LUSTRE_COMP1_POOL_NAME,original,/pscratch/sd/a/ayazdani/amrex-tutorials/ExampleCodes/MPMD/Case-1/plt_cpp_2/Header,/pscratch,lustre
764,LUSTRE,3,16097509171938178190,LUSTRE_COMP1_OST_ID_0,260,/pscratch/sd/a/ayazdani/amrex-tutorials/ExampleCodes/MPMD/Case-1/plt_cpp_2/Header,/pscratch,lustre
765,LUSTRE,3,9546082585085241934,LUSTRE_NUM_COMPONENTS,1,/pscratch/sd/a/ayazdani/amrex-tutorials/ExampleCodes/MPMD/Case-1/plt_cpp_2/Level_0/Cell_D_00001,/pscratch,lustre
766,LUSTRE,3,9546082585085241934,LUSTRE_NUM_STRIPES,1,/pscratch/sd/a/ayazdani/amrex-tutorials/ExampleCodes/MPMD/Case-1/plt_cpp_2/Level_0/Cell_D_00001,/pscratch,lustre
767,LUSTRE,3,9546082585085241934,LUSTRE_COMP1_STRIPE_SIZE,1048576,/pscratch/sd/a/ayazdani/amrex-tutorials/ExampleCodes/MPMD/Case-1/plt_cpp_2/Level_0/Cell_D_00001,/pscratch,lustre
768,LUSTRE,3,9546082585085241934,LUSTRE_COMP1_STRIPE_COUNT,1,/pscratch/sd/a/ayazdani/amrex-tutorials/ExampleCodes/MPMD/Case-1/plt_cpp_2/Level_0/Cell_D_00001,/pscratch,lustre
769,LUSTRE,3,9546082585085241934,LUSTRE_COMP1_STRIPE_PATTERN,raid0,/pscratch/sd/a/ayazdani/amrex-tutorials/ExampleCodes/MPMD/Case-1/plt_cpp_2/Level_0/Cell_D_00001,/pscratch,lustre
770,LUSTRE,3,9546082585085241934,LUSTRE_COMP1_FLAGS,0,/pscratch/sd/a/ayazdani/amrex-tutorials/ExampleCodes/MPMD/Case-1/plt_cpp_2/Level_0/Cell_D_00001,/pscratch,lustre
771,LUSTRE,3,9546082585085241934,LUSTRE_COMP1_EXT_START,0,/pscratch/sd/a/ayazdani/amrex-tutorials/ExampleCodes/MPMD/Case-1/plt_cpp_2/Level_0/Cell_D_00001,/pscratch,lustre
772,LUSTRE,3,9546082585085241934,LUSTRE_COMP1_EXT_END,-1,/pscratch/sd/a/ayazdani/amrex-tutorials/ExampleCodes/MPMD/Case-1/plt_cpp_2/Level_0/Cell_D_00001,/pscratch,lustre
773,LUSTRE,3,9546082585085241934,LUSTRE_COMP1_MIRROR_ID,0,/pscratch/sd/a/ayazdani/amrex-tutorials/ExampleCodes/MPMD/Case-1/plt_cpp_2/Level_0/Cell_D_00001,/pscratch,lustre
774,LUSTRE,3,9546082585085241934,LUSTRE_COMP1_POOL_NAME,original,/pscratch/sd/a/ayazdani/amrex-tutorials/ExampleCodes/MPMD/Case-1/plt_cpp_2/Level_0/Cell_D_00001,/pscratch,lustre
775,LUSTRE,3,9546082585085241934,LUSTRE_COMP1_OST_ID_0,280,/pscratch/sd/a/ayazdani/amrex-tutorials/ExampleCodes/MPMD/Case-1/plt_cpp_2/Level_0/Cell_D_00001,/pscratch,lustre
776,STDIO,0,9776070601501419358,STDIO_OPENS,1.0,/pscratch/sd/a/ayazdani/amrex-tutorials/ExampleCodes/MPMD/Case-1/plt_cpp_1/Level_0/Cell_D_00000,/pscratch,lustre
790,STDIO,0,9776070601501419358,STDIO_F_META_TIME,0.001434,/pscratch/sd/a/ayazdani/amrex-tutorials/ExampleCodes/MPMD/Case-1/plt_cpp_1/Level_0/Cell_D_00000,/pscratch,lustre
793,STDIO,0,9776070601501419358,STDIO_F_OPEN_START_TIMESTAMP,13.489806,/pscratch/sd/a/ayazdani/amrex-tutorials/ExampleCodes/MPMD/Case-1/plt_cpp_1/Level_0/Cell_D_00000,/pscratch,lustre
794,STDIO,0,9776070601501419358,STDIO_F_CLOSE_START_TIMESTAMP,32.09946,/pscratch/sd/a/ayazdani/amrex-tutorials/ExampleCodes/MPMD/Case-1/plt_cpp_1/Level_0/Cell_D_00000,/pscratch,lustre
797,STDIO,0,9776070601501419358,STDIO_F_OPEN_END_TIMESTAMP,13.490948,/pscratch/sd/a/ayazdani/amrex-tutorials/ExampleCodes/MPMD/Case-1/plt_cpp_1/Level_0/Cell_D_00000,/pscratch,lustre
798,STDIO,0,9776070601501419358,STDIO_F_CLOSE_END_TIMESTAMP,32.099751,/pscratch/sd/a/ayazdani/amrex-tutorials/ExampleCodes/MPMD/Case-1/plt_cpp_1/Level_0/Cell_D_00000,/pscratch,lustre
805,STDIO,0,13268337641086144525,STDIO_OPENS,1.0,/pscratch/sd/a/ayazdani/amrex-tutorials/ExampleCodes/MPMD/Case-1/plt_cpp_1/Level_0/Cell_H,/pscratch,lustre
819,STDIO,0,13268337641086144525,STDIO_F_META_TIME,0.005554,/pscratch/sd/a/ayazdani/amrex-tutorials/ExampleCodes/MPMD/Case-1/plt_cpp_1/Level_0/Cell_H,/pscratch,lustre
822,STDIO,0,13268337641086144525,STDIO_F_OPEN_START_TIMESTAMP,173.025397,/pscratch/sd/a/ayazdani/amrex-tutorials/ExampleCodes/MPMD/Case-1/plt_cpp_1/Level_0/Cell_H,/pscratch,lustre
823,STDIO,0,13268337641086144525,STDIO_F_CLOSE_START_TIMESTAMP,174.494306,/pscratch/sd/a/ayazdani/amrex-tutorials/ExampleCodes/MPMD/Case-1/plt_cpp_1/Level_0/Cell_H,/pscratch,lustre
826,STDIO,0,13268337641086144525,STDIO_F_OPEN_END_TIMESTAMP,173.030297,/pscratch/sd/a/ayazdani/amrex-tutorials/ExampleCodes/MPMD/Case-1/plt_cpp_1/Level_0/Cell_H,/pscratch,lustre
827,STDIO,0,13268337641086144525,STDIO_F_CLOSE_END_TIMESTAMP,174.49496,/pscratch/sd/a/ayazdani/amrex-tutorials/ExampleCodes/MPMD/Case-1/plt_cpp_1/Level_0/Cell_H,/pscratch,lustre
834,STDIO,-1,15920181672442173319,STDIO_OPENS,4.0,<STDOUT>,,
837,STDIO,-1,15920181672442173319,STDIO_WRITES,32.0,<STDOUT>,,
839,STDIO,-1,15920181672442173319,STDIO_FLUSHES,52.0,<STDOUT>,,
840,STDIO,-1,15920181672442173319,STDIO_BYTES_WRITTEN,2124.0,<STDOUT>,,
843,STDIO,-1,15920181672442173319,STDIO_MAX_BYTE_WRITTEN,1062.0,<STDOUT>,,
844,STDIO,-1,15920181672442173319,STDIO_FASTEST_RANK,1.0,<STDOUT>,,
846,STDIO,-1,15920181672442173319,STDIO_SLOWEST_RANK,2.0,<STDOUT>,,
847,STDIO,-1,15920181672442173319,STDIO_SLOWEST_RANK_BYTES,1063.0,<STDOUT>,,
849,STDIO,-1,15920181672442173319,STDIO_F_WRITE_TIME,0.001187,<STDOUT>,,
853,STDIO,-1,15920181672442173319,STDIO_F_WRITE_START_TIMESTAMP,0.01125,<STDOUT>,,
857,STDIO,-1,15920181672442173319,STDIO_F_WRITE_END_TIMESTAMP,174.747921,<STDOUT>,,
860,STDIO,-1,15920181672442173319,STDIO_F_SLOWEST_RANK_TIME,0.000654,<STDOUT>,,
862,STDIO,-1,15920181672442173319,STDIO_F_VARIANCE_RANK_BYTES,281961.5,<STDOUT>,,
863,STDIO,1,6294410177327220565,STDIO_OPENS,1.0,/pscratch/sd/a/ayazdani/amrex-tutorials/ExampleCodes/MPMD/Case-1/plt_cpp_1/Level_0/Cell_D_00001,/pscratch,lustre
877,STDIO,1,6294410177327220565,STDIO_F_META_TIME,0.000689,/pscratch/sd/a/ayazdani/amrex-tutorials/ExampleCodes/MPMD/Case-1/plt_cpp_1/Level_0/Cell_D_00001,/pscratch,lustre
880,STDIO,1,6294410177327220565,STDIO_F_OPEN_START_TIMESTAMP,14.793579,/pscratch/sd/a/ayazdani/amrex-tutorials/ExampleCodes/MPMD/Case-1/plt_cpp_1/Level_0/Cell_D_00001,/pscratch,lustre
881,STDIO,1,6294410177327220565,STDIO_F_CLOSE_START_TIMESTAMP,33.245927,/pscratch/sd/a/ayazdani/amrex-tutorials/ExampleCodes/MPMD/Case-1/plt_cpp_1/Level_0/Cell_D_00001,/pscratch,lustre
884,STDIO,1,6294410177327220565,STDIO_F_OPEN_END_TIMESTAMP,14.79402,/pscratch/sd/a/ayazdani/amrex-tutorials/ExampleCodes/MPMD/Case-1/plt_cpp_1/Level_0/Cell_D_00001,/pscratch,lustre
885,STDIO,1,6294410177327220565,STDIO_F_CLOSE_END_TIMESTAMP,33.246176,/pscratch/sd/a/ayazdani/amrex-tutorials/ExampleCodes/MPMD/Case-1/plt_cpp_1/Level_0/Cell_D_00001,/pscratch,lustre
892,STDIO,1,8576505722018891917,STDIO_OPENS,1.0,/pscratch/sd/a/ayazdani/amrex-tutorials/ExampleCodes/MPMD/Case-1/plt_cpp_1/Header,/pscratch,lustre
906,STDIO,1,8576505722018891917,STDIO_F_META_TIME,0.000701,/pscratch/sd/a/ayazdani/amrex-tutorials/ExampleCodes/MPMD/Case-1/plt_cpp_1/Header,/pscratch,lustre
909,STDIO,1,8576505722018891917,STDIO_F_OPEN_START_TIMESTAMP,13.453186,/pscratch/sd/a/ayazdani/amrex-tutorials/ExampleCodes/MPMD/Case-1/plt_cpp_1/Header,/pscratch,lustre
910,STDIO,1,8576505722018891917,STDIO_F_CLOSE_START_TIMESTAMP,14.758282,/pscratch/sd/a/ayazdani/amrex-tutorials/ExampleCodes/MPMD/Case-1/plt_cpp_1/Header,/pscratch,lustre
913,STDIO,1,8576505722018891917,STDIO_F_OPEN_END_TIMESTAMP,13.453654,/pscratch/sd/a/ayazdani/amrex-tutorials/ExampleCodes/MPMD/Case-1/plt_cpp_1/Header,/pscratch,lustre
914,STDIO,1,8576505722018891917,STDIO_F_CLOSE_END_TIMESTAMP,14.758515,/pscratch/sd/a/ayazdani/amrex-tutorials/ExampleCodes/MPMD/Case-1/plt_cpp_1/Header,/pscratch,lustre
921,STDIO,2,1101202836259582757,STDIO_OPENS,1.0,/pscratch/sd/a/ayazdani/amrex-tutorials/ExampleCodes/MPMD/Case-1/plt_cpp_2/Level_0/Cell_D_00000,/pscratch,lustre
935,STDIO,2,1101202836259582757,STDIO_F_META_TIME,0.001452,/pscratch/sd/a/ayazdani/amrex-tutorials/ExampleCodes/MPMD/Case-1/plt_cpp_2/Level_0/Cell_D_00000,/pscratch,lustre
938,STDIO,2,1101202836259582757,STDIO_F_OPEN_START_TIMESTAMP,12.883605,/pscratch/sd/a/ayazdani/amrex-tutorials/ExampleCodes/MPMD/Case-1/plt_cpp_2/Level_0/Cell_D_00000,/pscratch,lustre
939,STDIO,2,1101202836259582757,STDIO_F_CLOSE_START_TIMESTAMP,20.854534,/pscratch/sd/a/ayazdani/amrex-tutorials/ExampleCodes/MPMD/Case-1/plt_cpp_2/Level_0/Cell_D_00000,/pscratch,lustre
942,STDIO,2,1101202836259582757,STDIO_F_OPEN_END_TIMESTAMP,12.884787,/pscratch/sd/a/ayazdani/amrex-tutorials/ExampleCodes/MPMD/Case-1/plt_cpp_2/Level_0/Cell_D_00000,/pscratch,lustre
943,STDIO,2,1101202836259582757,STDIO_F_CLOSE_END_TIMESTAMP,20.854804,/pscratch/sd/a/ayazdani/amrex-tutorials/ExampleCodes/MPMD/Case-1/plt_cpp_2/Level_0/Cell_D_00000,/pscratch,lustre
950,STDIO,2,17738875944199288423,STDIO_OPENS,1.0,/pscratch/sd/a/ayazdani/amrex-tutorials/ExampleCodes/MPMD/Case-1/plt_cpp_2/Level_0/Cell_H,/pscratch,lustre
964,STDIO,2,17738875944199288423,STDIO_F_META_TIME,0.005066,/pscratch/sd/a/ayazdani/amrex-tutorials/ExampleCodes/MPMD/Case-1/plt_cpp_2/Level_0/Cell_H,/pscratch,lustre
967,STDIO,2,17738875944199288423,STDIO_F_OPEN_START_TIMESTAMP,141.861119,/pscratch/sd/a/ayazdani/amrex-tutorials/ExampleCodes/MPMD/Case-1/plt_cpp_2/Level_0/Cell_H,/pscratch,lustre
968,STDIO,2,17738875944199288423,STDIO_F_CLOSE_START_TIMESTAMP,142.955611,/pscratch/sd/a/ayazdani/amrex-tutorials/ExampleCodes/MPMD/Case-1/plt_cpp_2/Level_0/Cell_H,/pscratch,lustre
971,STDIO,2,17738875944199288423,STDIO_F_OPEN_END_TIMESTAMP,141.865557,/pscratch/sd/a/ayazdani/amrex-tutorials/ExampleCodes/MPMD/Case-1/plt_cpp_2/Level_0/Cell_H,/pscratch,lustre
972,STDIO,2,17738875944199288423,STDIO_F_CLOSE_END_TIMESTAMP,142.956239,/pscratch/sd/a/ayazdani/amrex-tutorials/ExampleCodes/MPMD/Case-1/plt_cpp_2/Level_0/Cell_H,/pscratch,lustre
979,STDIO,3,9546082585085241934,STDIO_OPENS,1.0,/pscratch/sd/a/ayazdani/amrex-tutorials/ExampleCodes/MPMD/Case-1/plt_cpp_2/Level_0/Cell_D_00001,/pscratch,lustre
993,STDIO,3,9546082585085241934,STDIO_F_META_TIME,0.000727,/pscratch/sd/a/ayazdani/amrex-tutorials/ExampleCodes/MPMD/Case-1/plt_cpp_2/Level_0/Cell_D_00001,/pscratch,lustre
996,STDIO,3,9546082585085241934,STDIO_F_OPEN_START_TIMESTAMP,14.080777,/pscratch/sd/a/ayazdani/amrex-tutorials/ExampleCodes/MPMD/Case-1/plt_cpp_2/Level_0/Cell_D_00001,/pscratch,lustre
997,STDIO,3,9546082585085241934,STDIO_F_CLOSE_START_TIMESTAMP,22.217037,/pscratch/sd/a/ayazdani/amrex-tutorials/ExampleCodes/MPMD/Case-1/plt_cpp_2/Level_0/Cell_D_00001,/pscratch,lustre
1000,STDIO,3,9546082585085241934,STDIO_F_OPEN_END_TIMESTAMP,14.081249,/pscratch/sd/a/ayazdani/amrex-tutorials/ExampleCodes/MPMD/Case-1/plt_cpp_2/Level_0/Cell_D_00001,/pscratch,lustre
1001,STDIO,3,9546082585085241934,STDIO_F_CLOSE_END_TIMESTAMP,22.217293,/pscratch/sd/a/ayazdani/amrex-tutorials/ExampleCodes/MPMD/Case-1/plt_cpp_2/Level_0/Cell_D_00001,/pscratch,lustre
1008,STDIO,3,16097509171938178190,STDIO_OPENS,1.0,/pscratch/sd/a/ayazdani/amrex-tutorials/ExampleCodes/MPMD/Case-1/plt_cpp_2/Header,/pscratch,lustre
1022,STDIO,3,16097509171938178190,STDIO_F_META_TIME,0.000963,/pscratch/sd/a/ayazdani/amrex-tutorials/ExampleCodes/MPMD/Case-1/plt_cpp_2/Header,/pscratch,lustre
1025,STDIO,3,16097509171938178190,STDIO_F_OPEN_START_TIMESTAMP,12.851158,/pscratch/sd/a/ayazdani/amrex-tutorials/ExampleCodes/MPMD/Case-1/plt_cpp_2/Header,/pscratch,lustre
1026,STDIO,3,16097509171938178190,STDIO_F_CLOSE_START_TIMESTAMP,14.045196,/pscratch/sd/a/ayazdani/amrex-tutorials/ExampleCodes/MPMD/Case-1/plt_cpp_2/Header,/pscratch,lustre
1029,STDIO,3,16097509171938178190,STDIO_F_OPEN_END_TIMESTAMP,12.851895,/pscratch/sd/a/ayazdani/amrex-tutorials/ExampleCodes/MPMD/Case-1/plt_cpp_2/Header,/pscratch,lustre
1030,STDIO,3,16097509171938178190,STDIO_F_CLOSE_END_TIMESTAMP,14.045421,/pscratch/sd/a/ayazdani/amrex-tutorials/ExampleCodes/MPMD/Case-1/plt_cpp_2/Header,/pscratch,lustre
1037,HEATMAP,0,3989511027826779520,HEATMAP_F_BIN_WIDTH_SECONDS,1.6,heatmap:STDIO,,
1148,HEATMAP,0,3989511027826779520,HEATMAP_WRITE_BIN_0,149.0,heatmap:STDIO,,
1149,HEATMAP,0,3989511027826779520,HEATMAP_WRITE_BIN_1,130.0,heatmap:STDIO,,
1257,HEATMAP,0,3989511027826779520,HEATMAP_WRITE_BIN_109,782.0,heatmap:STDIO,,
1258,HEATMAP,0,16592106915301738621,HEATMAP_F_BIN_WIDTH_SECONDS,1.6,heatmap:POSIX,,
1377,HEATMAP,0,16592106915301738621,HEATMAP_WRITE_BIN_8,157734150.0,heatmap:POSIX,,
1378,HEATMAP,0,16592106915301738621,HEATMAP_WRITE_BIN_9,701248104.0,heatmap:POSIX,,
1379,HEATMAP,0,16592106915301738621,HEATMAP_WRITE_BIN_10,705123944.0,heatmap:POSIX,,
1380,HEATMAP,0,16592106915301738621,HEATMAP_WRITE_BIN_11,721194098.0,heatmap:POSIX,,
1381,HEATMAP,0,16592106915301738621,HEATMAP_WRITE_BIN_12,705436000.0,heatmap:POSIX,,
1382,HEATMAP,0,16592106915301738621,HEATMAP_WRITE_BIN_13,799684924.0,heatmap:POSIX,,
1383,HEATMAP,0,16592106915301738621,HEATMAP_WRITE_BIN_14,798626082.0,heatmap:POSIX,,
1384,HEATMAP,0,16592106915301738621,HEATMAP_WRITE_BIN_15,801088504.0,heatmap:POSIX,,
1385,HEATMAP,0,16592106915301738621,HEATMAP_WRITE_BIN_16,788821645.0,heatmap:POSIX,,
1386,HEATMAP,0,16592106915301738621,HEATMAP_WRITE_BIN_17,781302914.0,heatmap:POSIX,,
1387,HEATMAP,0,16592106915301738621,HEATMAP_WRITE_BIN_18,795619633.0,heatmap:POSIX,,
1388,HEATMAP,0,16592106915301738621,HEATMAP_WRITE_BIN_19,797649492.0,heatmap:POSIX,,
1389,HEATMAP,0,16592106915301738621,HEATMAP_WRITE_BIN_20,49147758.0,heatmap:POSIX,,
1477,HEATMAP,0,16592106915301738621,HEATMAP_WRITE_BIN_108,41943218.0,heatmap:POSIX,,
1478,HEATMAP,0,16592106915301738621,HEATMAP_WRITE_BIN_109,3402542.0,heatmap:POSIX,,
1479,HEATMAP,1,16592106915301738621,HEATMAP_F_BIN_WIDTH_SECONDS,1.6,heatmap:POSIX,,
1598,HEATMAP,1,16592106915301738621,HEATMAP_WRITE_BIN_8,8388625.0,heatmap:POSIX,,
1599,HEATMAP,1,16592106915301738621,HEATMAP_WRITE_BIN_9,281430712.0,heatmap:POSIX,,
1600,HEATMAP,1,16592106915301738621,HEATMAP_WRITE_BIN_10,719719942.0,heatmap:POSIX,,
1601,HEATMAP,1,16592106915301738621,HEATMAP_WRITE_BIN_11,718969466.0,heatmap:POSIX,,
1602,HEATMAP,1,16592106915301738621,HEATMAP_WRITE_BIN_12,721734948.0,heatmap:POSIX,,
1603,HEATMAP,1,16592106915301738621,HEATMAP_WRITE_BIN_13,733362944.0,heatmap:POSIX,,
1604,HEATMAP,1,16592106915301738621,HEATMAP_WRITE_BIN_14,802700172.0,heatmap:POSIX,,
1605,HEATMAP,1,16592106915301738621,HEATMAP_WRITE_BIN_15,798105238.0,heatmap:POSIX,,
1606,HEATMAP,1,16592106915301738621,HEATMAP_WRITE_BIN_16,798844007.0,heatmap:POSIX,,
1607,HEATMAP,1,16592106915301738621,HEATMAP_WRITE_BIN_17,801567034.0,heatmap:POSIX,,
1608,HEATMAP,1,16592106915301738621,HEATMAP_WRITE_BIN_18,798105238.0,heatmap:POSIX,,
1609,HEATMAP,1,16592106915301738621,HEATMAP_WRITE_BIN_19,798105238.0,heatmap:POSIX,,
1610,HEATMAP,1,16592106915301738621,HEATMAP_WRITE_BIN_20,634296387.0,heatmap:POSIX,,
1700,HEATMAP,2,3989511027826779520,HEATMAP_F_BIN_WIDTH_SECONDS,1.6,heatmap:STDIO,,
1811,HEATMAP,2,3989511027826779520,HEATMAP_WRITE_BIN_0,149.0,heatmap:STDIO,,
1812,HEATMAP,2,3989511027826779520,HEATMAP_WRITE_BIN_1,130.0,heatmap:STDIO,,
1900,HEATMAP,2,3989511027826779520,HEATMAP_WRITE_BIN_89,444.0,heatmap:STDIO,,
1921,HEATMAP,2,16592106915301738621,HEATMAP_F_BIN_WIDTH_SECONDS,1.6,heatmap:POSIX,,
2040,HEATMAP,2,16592106915301738621,HEATMAP_WRITE_BIN_8,163598244.0,heatmap:POSIX,,
2041,HEATMAP,2,16592106915301738621,HEATMAP_WRITE_BIN_9,232813392.0,heatmap:POSIX,,
2042,HEATMAP,2,16592106915301738621,HEATMAP_WRITE_BIN_10,228618604.0,heatmap:POSIX,,
2043,HEATMAP,2,16592106915301738621,HEATMAP_WRITE_BIN_11,224423816.0,heatmap:POSIX,,
2044,HEATMAP,2,16592106915301738621,HEATMAP_WRITE_BIN_12,228618214.0,heatmap:POSIX,,
2045,HEATMAP,2,16592106915301738621,HEATMAP_WRITE_BIN_13,8539186.0,heatmap:POSIX,,
2120,HEATMAP,2,16592106915301738621,HEATMAP_WRITE_BIN_88,26047719.0,heatmap:POSIX,,
2121,HEATMAP,2,16592106915301738621,HEATMAP_WRITE_BIN_89,18584613.0,heatmap:POSIX,,
2142,HEATMAP,3,16592106915301738621,HEATMAP_F_BIN_WIDTH_SECONDS,1.6,heatmap:POSIX,,
2261,HEATMAP,3,16592106915301738621,HEATMAP_WRITE_BIN_8,14155947.0,heatmap:POSIX,,
2262,HEATMAP,3,16592106915301738621,HEATMAP_WRITE_BIN_9,197156926.0,heatmap:POSIX,,
2263,HEATMAP,3,16592106915301738621,HEATMAP_WRITE_BIN_10,228618604.0,heatmap:POSIX,,
2264,HEATMAP,3,16592106915301738621,HEATMAP_WRITE_BIN_11,228618604.0,heatmap:POSIX,,
2265,HEATMAP,3,16592106915301738621,HEATMAP_WRITE_BIN_12,228618604.0,heatmap:POSIX,,
2266,HEATMAP,3,16592106915301738621,HEATMAP_WRITE_BIN_13,203623294.0,heatmap:POSIX,,
